kommunkod,folkmangd,ar,kalla
0114,50323,2024,SCB via Faktadriven (Kolada N01951)
0115,35119,2024,SCB via Faktadriven (Kolada N01951)
0117,49787,2024,SCB via Faktadriven (Kolada N01951)
0120,46635,2024,SCB via Faktadriven (Kolada N01951)
0123,88950,2024,SCB via Faktadriven (Kolada N01951)
0125,28910,2024,SCB via Faktadriven (Kolada N01951)
0126,114304,2024,SCB via Faktadriven (Kolada N01951)
0127,95905,2024,SCB via Faktadriven (Kolada N01951)
0128,17507,2024,SCB via Faktadriven (Kolada N01951)
0136,100895,2024,SCB via Faktadriven (Kolada N01951)
0138,49179,2024,SCB via Faktadriven (Kolada N01951)
0139,32868,2024,SCB via Faktadriven (Kolada N01951)
0140,12342,2024,SCB via Faktadriven (Kolada N01951)
0160,77744,2024,SCB via Faktadriven (Kolada N01951)
0162,32425,2024,SCB via Faktadriven (Kolada N01951)
0163,77624,2024,SCB via Faktadriven (Kolada N01951)
0180,995574,2024,SCB via Faktadriven (Kolada N01951)
0181,102911,2024,SCB via Faktadriven (Kolada N01951)
0182,112112,2024,SCB via Faktadriven (Kolada N01951)
0183,56274,2024,SCB via Faktadriven (Kolada N01951)
0184,85789,2024,SCB via Faktadriven (Kolada N01951)
0186,48377,2024,SCB via Faktadriven (Kolada N01951)
0187,11822,2024,SCB via Faktadriven (Kolada N01951)
0188,66585,2024,SCB via Faktadriven (Kolada N01951)
0191,52767,2024,SCB via Faktadriven (Kolada N01951)
0192,30579,2024,SCB via Faktadriven (Kolada N01951)
0305,22973,2024,SCB via Faktadriven (Kolada N01951)
0319,9552,2024,SCB via Faktadriven (Kolada N01951)
0330,21193,2024,SCB via Faktadriven (Kolada N01951)
0331,14345,2024,SCB via Faktadriven (Kolada N01951)
0360,21104,2024,SCB via Faktadriven (Kolada N01951)
0380,248016,2024,SCB via Faktadriven (Kolada N01951)
0381,48591,2024,SCB via Faktadriven (Kolada N01951)
0382,22138,2024,SCB via Faktadriven (Kolada N01951)
0428,8750,2024,SCB via Faktadriven (Kolada N01951)
0461,11458,2024,SCB via Faktadriven (Kolada N01951)
0480,58344,2024,SCB via Faktadriven (Kolada N01951)
0481,12031,2024,SCB via Faktadriven (Kolada N01951)
0482,15362,2024,SCB via Faktadriven (Kolada N01951)
0483,34154,2024,SCB via Faktadriven (Kolada N01951)
0484,107203,2024,SCB via Faktadriven (Kolada N01951)
0486,39313,2024,SCB via Faktadriven (Kolada N01951)
0488,14927,2024,SCB via Faktadriven (Kolada N01951)
0509,5237,2024,SCB via Faktadriven (Kolada N01951)
0512,3626,2024,SCB via Faktadriven (Kolada N01951)
0513,9957,2024,SCB via Faktadriven (Kolada N01951)
0560,5517,2024,SCB via Faktadriven (Kolada N01951)
0561,11467,2024,SCB via Faktadriven (Kolada N01951)
0562,21623,2024,SCB via Faktadriven (Kolada N01951)
0563,7525,2024,SCB via Faktadriven (Kolada N01951)
0580,168035,2024,SCB via Faktadriven (Kolada N01951)
0581,144980,2024,SCB via Faktadriven (Kolada N01951)
0582,14789,2024,SCB via Faktadriven (Kolada N01951)
0583,43505,2024,SCB via Faktadriven (Kolada N01951)
0584,7490,2024,SCB via Faktadriven (Kolada N01951)
0586,28695,2024,SCB via Faktadriven (Kolada N01951)
0604,6797,2024,SCB via Faktadriven (Kolada N01951)
0617,9131,2024,SCB via Faktadriven (Kolada N01951)
0642,7594,2024,SCB via Faktadriven (Kolada N01951)
0643,13456,2024,SCB via Faktadriven (Kolada N01951)
0662,28936,2024,SCB via Faktadriven (Kolada N01951)
0665,14825,2024,SCB via Faktadriven (Kolada N01951)
0680,147654,2024,SCB via Faktadriven (Kolada N01951)
0682,31587,2024,SCB via Faktadriven (Kolada N01951)
0683,34542,2024,SCB via Faktadriven (Kolada N01951)
0684,11563,2024,SCB via Faktadriven (Kolada N01951)
0685,27528,2024,SCB via Faktadriven (Kolada N01951)
0686,17792,2024,SCB via Faktadriven (Kolada N01951)
0687,18604,2024,SCB via Faktadriven (Kolada N01951)
0760,9061,2024,SCB via Faktadriven (Kolada N01951)
0761,8289,2024,SCB via Faktadriven (Kolada N01951)
0763,11966,2024,SCB via Faktadriven (Kolada N01951)
0764,19830,2024,SCB via Faktadriven (Kolada N01951)
0765,17653,2024,SCB via Faktadriven (Kolada N01951)
0767,9938,2024,SCB via Faktadriven (Kolada N01951)
0780,98334,2024,SCB via Faktadriven (Kolada N01951)
0781,28280,2024,SCB via Faktadriven (Kolada N01951)
0821,5321,2024,SCB via Faktadriven (Kolada N01951)
0834,6984,2024,SCB via Faktadriven (Kolada N01951)
0840,16224,2024,SCB via Faktadriven (Kolada N01951)
0860,13673,2024,SCB via Faktadriven (Kolada N01951)
0861,13069,2024,SCB via Faktadriven (Kolada N01951)
0862,9006,2024,SCB via Faktadriven (Kolada N01951)
0880,72704,2024,SCB via Faktadriven (Kolada N01951)
0881,19951,2024,SCB via Faktadriven (Kolada N01951)
0882,26923,2024,SCB via Faktadriven (Kolada N01951)
0883,36447,2024,SCB via Faktadriven (Kolada N01951)
0884,15384,2024,SCB via Faktadriven (Kolada N01951)
0885,10666,2024,SCB via Faktadriven (Kolada N01951)
0980,60971,2024,SCB via Faktadriven (Kolada N01951)
1060,13000,2024,SCB via Faktadriven (Kolada N01951)
1080,66301,2024,SCB via Faktadriven (Kolada N01951)
1081,28741,2024,SCB via Faktadriven (Kolada N01951)
1082,31751,2024,SCB via Faktadriven (Kolada N01951)
1083,17430,2024,SCB via Faktadriven (Kolada N01951)
1214,14543,2024,SCB via Faktadriven (Kolada N01951)
1230,27303,2024,SCB via Faktadriven (Kolada N01951)
1231,20101,2024,SCB via Faktadriven (Kolada N01951)
1233,37816,2024,SCB via Faktadriven (Kolada N01951)
1256,13978,2024,SCB via Faktadriven (Kolada N01951)
1257,10277,2024,SCB via Faktadriven (Kolada N01951)
1260,15985,2024,SCB via Faktadriven (Kolada N01951)
1261,32477,2024,SCB via Faktadriven (Kolada N01951)
1262,24715,2024,SCB via Faktadriven (Kolada N01951)
1263,23581,2024,SCB via Faktadriven (Kolada N01951)
1264,17099,2024,SCB via Faktadriven (Kolada N01951)
1265,19337,2024,SCB via Faktadriven (Kolada N01951)
1266,15562,2024,SCB via Faktadriven (Kolada N01951)
1267,17518,2024,SCB via Faktadriven (Kolada N01951)
1270,13639,2024,SCB via Faktadriven (Kolada N01951)
1272,12470,2024,SCB via Faktadriven (Kolada N01951)
1273,12947,2024,SCB via Faktadriven (Kolada N01951)
1275,7235,2024,SCB via Faktadriven (Kolada N01951)
1276,17714,2024,SCB via Faktadriven (Kolada N01951)
1277,16449,2024,SCB via Faktadriven (Kolada N01951)
1278,16026,2024,SCB via Faktadriven (Kolada N01951)
1280,365644,2024,SCB via Faktadriven (Kolada N01951)
1281,131590,2024,SCB via Faktadriven (Kolada N01951)
1282,47309,2024,SCB via Faktadriven (Kolada N01951)
1283,152091,2024,SCB via Faktadriven (Kolada N01951)
1284,28430,2024,SCB via Faktadriven (Kolada N01951)
1285,34922,2024,SCB via Faktadriven (Kolada N01951)
1286,32106,2024,SCB via Faktadriven (Kolada N01951)
1287,47269,2024,SCB via Faktadriven (Kolada N01951)
1290,86379,2024,SCB via Faktadriven (Kolada N01951)
1291,18890,2024,SCB via Faktadriven (Kolada N01951)
1292,45110,2024,SCB via Faktadriven (Kolada N01951)
1293,52114,2024,SCB via Faktadriven (Kolada N01951)
1315,10196,2024,SCB via Faktadriven (Kolada N01951)
1380,106084,2024,SCB via Faktadriven (Kolada N01951)
1381,26595,2024,SCB via Faktadriven (Kolada N01951)
1382,47337,2024,SCB via Faktadriven (Kolada N01951)
1383,69070,2024,SCB via Faktadriven (Kolada N01951)
1384,85792,2024,SCB via Faktadriven (Kolada N01951)
1401,40003,2024,SCB via Faktadriven (Kolada N01951)
1402,41060,2024,SCB via Faktadriven (Kolada N01951)
1407,12771,2024,SCB via Faktadriven (Kolada N01951)
1415,27851,2024,SCB via Faktadriven (Kolada N01951)
1419,16092,2024,SCB via Faktadriven (Kolada N01951)
1421,15352,2024,SCB via Faktadriven (Kolada N01951)
1427,9104,2024,SCB via Faktadriven (Kolada N01951)
1430,10354,2024,SCB via Faktadriven (Kolada N01951)
1435,12773,2024,SCB via Faktadriven (Kolada N01951)
1438,4606,2024,SCB via Faktadriven (Kolada N01951)
1439,6376,2024,SCB via Faktadriven (Kolada N01951)
1440,32576,2024,SCB via Faktadriven (Kolada N01951)
1441,43570,2024,SCB via Faktadriven (Kolada N01951)
1442,12474,2024,SCB via Faktadriven (Kolada N01951)
1443,9802,2024,SCB via Faktadriven (Kolada N01951)
1444,5555,2024,SCB via Faktadriven (Kolada N01951)
1445,5560,2024,SCB via Faktadriven (Kolada N01951)
1446,7023,2024,SCB via Faktadriven (Kolada N01951)
1447,5031,2024,SCB via Faktadriven (Kolada N01951)
1452,11839,2024,SCB via Faktadriven (Kolada N01951)
1460,9076,2024,SCB via Faktadriven (Kolada N01951)
1461,9052,2024,SCB via Faktadriven (Kolada N01951)
1462,14442,2024,SCB via Faktadriven (Kolada N01951)
1463,35155,2024,SCB via Faktadriven (Kolada N01951)
1465,10747,2024,SCB via Faktadriven (Kolada N01951)
1466,9497,2024,SCB via Faktadriven (Kolada N01951)
1470,16088,2024,SCB via Faktadriven (Kolada N01951)
1471,13286,2024,SCB via Faktadriven (Kolada N01951)
1472,11338,2024,SCB via Faktadriven (Kolada N01951)
1473,9043,2024,SCB via Faktadriven (Kolada N01951)
1480,608993,2024,SCB via Faktadriven (Kolada N01951)
1481,71420,2024,SCB via Faktadriven (Kolada N01951)
1482,50313,2024,SCB via Faktadriven (Kolada N01951)
1484,13907,2024,SCB via Faktadriven (Kolada N01951)
1485,57010,2024,SCB via Faktadriven (Kolada N01951)
1486,13482,2024,SCB via Faktadriven (Kolada N01951)
1487,40041,2024,SCB via Faktadriven (Kolada N01951)
1488,59003,2024,SCB via Faktadriven (Kolada N01951)
1489,42722,2024,SCB via Faktadriven (Kolada N01951)
1490,114872,2024,SCB via Faktadriven (Kolada N01951)
1491,24985,2024,SCB via Faktadriven (Kolada N01951)
1492,11906,2024,SCB via Faktadriven (Kolada N01951)
1493,24583,2024,SCB via Faktadriven (Kolada N01951)
1494,40425,2024,SCB via Faktadriven (Kolada N01951)
1495,18707,2024,SCB via Faktadriven (Kolada N01951)
1496,57995,2024,SCB via Faktadriven (Kolada N01951)
1497,9350,2024,SCB via Faktadriven (Kolada N01951)
1498,12805,2024,SCB via Faktadriven (Kolada N01951)
1499,32806,2024,SCB via Faktadriven (Kolada N01951)
1715,12061,2024,SCB via Faktadriven (Kolada N01951)
1730,8412,2024,SCB via Faktadriven (Kolada N01951)
1737,11321,2024,SCB via Faktadriven (Kolada N01951)
1760,3788,2024,SCB via Faktadriven (Kolada N01951)
1761,16992,2024,SCB via Faktadriven (Kolada N01951)
1762,3625,2024,SCB via Faktadriven (Kolada N01951)
1763,11520,2024,SCB via Faktadriven (Kolada N01951)
1764,9004,2024,SCB via Faktadriven (Kolada N01951)
1765,9825,2024,SCB via Faktadriven (Kolada N01951)
1766,13356,2024,SCB via Faktadriven (Kolada N01951)
1780,98084,2024,SCB via Faktadriven (Kolada N01951)
1781,23756,2024,SCB via Faktadriven (Kolada N01951)
1782,9776,2024,SCB via Faktadriven (Kolada N01951)
1783,11418,2024,SCB via Faktadriven (Kolada N01951)
1784,25547,2024,SCB via Faktadriven (Kolada N01951)
1785,14899,2024,SCB via Faktadriven (Kolada N01951)
1814,8606,2024,SCB via Faktadriven (Kolada N01951)
1860,5423,2024,SCB via Faktadriven (Kolada N01951)
1861,16120,2024,SCB via Faktadriven (Kolada N01951)
1862,9278,2024,SCB via Faktadriven (Kolada N01951)
1863,6321,2024,SCB via Faktadriven (Kolada N01951)
1864,4369,2024,SCB via Faktadriven (Kolada N01951)
1880,160140,2024,SCB via Faktadriven (Kolada N01951)
1881,22681,2024,SCB via Faktadriven (Kolada N01951)
1882,11477,2024,SCB via Faktadriven (Kolada N01951)
1883,30180,2024,SCB via Faktadriven (Kolada N01951)
1884,10639,2024,SCB via Faktadriven (Kolada N01951)
1885,23141,2024,SCB via Faktadriven (Kolada N01951)
1904,4256,2024,SCB via Faktadriven (Kolada N01951)
1907,9845,2024,SCB via Faktadriven (Kolada N01951)
1960,8694,2024,SCB via Faktadriven (Kolada N01951)
1961,16653,2024,SCB via Faktadriven (Kolada N01951)
1962,5452,2024,SCB via Faktadriven (Kolada N01951)
1980,160634,2024,SCB via Faktadriven (Kolada N01951)
1981,22843,2024,SCB via Faktadriven (Kolada N01951)
1982,13072,2024,SCB via Faktadriven (Kolada N01951)
1983,25729,2024,SCB via Faktadriven (Kolada N01951)
1984,13980,2024,SCB via Faktadriven (Kolada N01951)
2021,6752,2024,SCB via Faktadriven (Kolada N01951)
2023,10254,2024,SCB via Faktadriven (Kolada N01951)
2026,10384,2024,SCB via Faktadriven (Kolada N01951)
2029,16137,2024,SCB via Faktadriven (Kolada N01951)
2031,10998,2024,SCB via Faktadriven (Kolada N01951)
2034,6851,2024,SCB via Faktadriven (Kolada N01951)
2039,6882,2024,SCB via Faktadriven (Kolada N01951)
2061,10823,2024,SCB via Faktadriven (Kolada N01951)
2062,20540,2024,SCB via Faktadriven (Kolada N01951)
2080,59945,2024,SCB via Faktadriven (Kolada N01951)
2081,51425,2024,SCB via Faktadriven (Kolada N01951)
2082,11223,2024,SCB via Faktadriven (Kolada N01951)
2083,15281,2024,SCB via Faktadriven (Kolada N01951)
2084,22417,2024,SCB via Faktadriven (Kolada N01951)
2085,26634,2024,SCB via Faktadriven (Kolada N01951)
2101,5715,2024,SCB via Faktadriven (Kolada N01951)
2104,9281,2024,SCB via Faktadriven (Kolada N01951)
2121,11341,2024,SCB via Faktadriven (Kolada N01951)
2132,9262,2024,SCB via Faktadriven (Kolada N01951)
2161,18445,2024,SCB via Faktadriven (Kolada N01951)
2180,103838,2024,SCB via Faktadriven (Kolada N01951)
2181,38360,2024,SCB via Faktadriven (Kolada N01951)
2182,24545,2024,SCB via Faktadriven (Kolada N01951)
2183,26243,2024,SCB via Faktadriven (Kolada N01951)
2184,37528,2024,SCB via Faktadriven (Kolada N01951)
2260,9044,2024,SCB via Faktadriven (Kolada N01951)
2262,17521,2024,SCB via Faktadriven (Kolada N01951)
2280,24515,2024,SCB via Faktadriven (Kolada N01951)
2281,99048,2024,SCB via Faktadriven (Kolada N01951)
2282,17491,2024,SCB via Faktadriven (Kolada N01951)
2283,18396,2024,SCB via Faktadriven (Kolada N01951)
2284,55443,2024,SCB via Faktadriven (Kolada N01951)
2303,5146,2024,SCB via Faktadriven (Kolada N01951)
2305,6035,2024,SCB via Faktadriven (Kolada N01951)
2309,15680,2024,SCB via Faktadriven (Kolada N01951)
2313,11023,2024,SCB via Faktadriven (Kolada N01951)
2321,12693,2024,SCB via Faktadriven (Kolada N01951)
2326,7108,2024,SCB via Faktadriven (Kolada N01951)
2361,10175,2024,SCB via Faktadriven (Kolada N01951)
2380,64979,2024,SCB via Faktadriven (Kolada N01951)
2401,6942,2024,SCB via Faktadriven (Kolada N01951)
2403,2359,2024,SCB via Faktadriven (Kolada N01951)
2404,5417,2024,SCB via Faktadriven (Kolada N01951)
2409,6690,2024,SCB via Faktadriven (Kolada N01951)
2417,3968,2024,SCB via Faktadriven (Kolada N01951)
2418,2962,2024,SCB via Faktadriven (Kolada N01951)
2421,5577,2024,SCB via Faktadriven (Kolada N01951)
2422,2357,2024,SCB via Faktadriven (Kolada N01951)
2425,2294,2024,SCB via Faktadriven (Kolada N01951)
2460,9132,2024,SCB via Faktadriven (Kolada N01951)
2462,6229,2024,SCB via Faktadriven (Kolada N01951)
2463,2694,2024,SCB via Faktadriven (Kolada N01951)
2480,134249,2024,SCB via Faktadriven (Kolada N01951)
2481,12118,2024,SCB via Faktadriven (Kolada N01951)
2482,78150,2024,SCB via Faktadriven (Kolada N01951)
2505,6089,2024,SCB via Faktadriven (Kolada N01951)
2506,2599,2024,SCB via Faktadriven (Kolada N01951)
2510,4701,2024,SCB via Faktadriven (Kolada N01951)
2513,3201,2024,SCB via Faktadriven (Kolada N01951)
2514,15391,2024,SCB via Faktadriven (Kolada N01951)
2518,4057,2024,SCB via Faktadriven (Kolada N01951)
2521,5857,2024,SCB via Faktadriven (Kolada N01951)
2523,17233,2024,SCB via Faktadriven (Kolada N01951)
2560,7774,2024,SCB via Faktadriven (Kolada N01951)
2580,79645,2024,SCB via Faktadriven (Kolada N01951)
2581,42447,2024,SCB via Faktadriven (Kolada N01951)
2582,28049,2024,SCB via Faktadriven (Kolada N01951)
2583,9151,2024,SCB via Faktadriven (Kolada N01951)
2584,22426,2024,SCB via Faktadriven (Kolada N01951)
