kommunkod,syssgrad,arbloshet,arbloshet_ung,langtidsarbl,medianink,lag_ekstand,ekbistand,gini,hyresratt,trangbodd,brott,tathet,tatortsgrad,utrikesfodda,medelalder,ensamhushall,valdeltagande
0114,81.6,4.997576,4.087285,3.97028,373400.0,12.0,1.798547,0.299,36.427304,20.887329,11314.1468,637.6,99.0,34.241403,39.5,45.718662,81.0
0115,86.3,2.461415,2.152798,1.668214,426700.0,7.0,1.311297,0.306,10.793453,12.977485,10107.52999,95.73141755,84.0,16.415598,39.8,39.287762,89.0
0117,85.9,2.654131,2.257194,1.866688,419200.0,7.0,1.060279,0.324,19.057827,17.393681,7227.95054,154.422923,93.0,17.886361,40.8,38.747475,88.0
0120,86.4,2.520899,2.492767,1.820243,428000.0,7.0,1.579956,0.342,17.5925,17.367719,8333.24342,104.13316215,92.0,14.11628,41.0,41.052632,89.0
0123,81.0,5.550799,3.896487,4.291424,375600.0,12.0,2.319214,0.276,30.667913,21.014385,11691.86977,1546.1981781,100.0,34.722677,39.1,45.927464,81.0
0125,84.9,2.460652,1.759495,1.61899,457600.0,6.0,2.716066,0.391,14.955545,17.874578,6970.23308,133.84856013,83.0,14.215568,40.5,36.067766,91.0
0126,80.6,4.983175,3.024752,4.034839,387800.0,13.0,1.444491,0.3,31.931404,25.194219,11667.94335,870.78557237,99.0,31.288863,38.3,42.339266,82.0
0127,76.9,7.973751,4.37567,6.603564,334000.0,19.0,2.810773,0.278,43.693003,27.93955,13540.56874,491.22861266,98.0,43.658723,38.5,43.20767,73.0
0128,85.3,3.458283,2.68354,2.955873,411900.0,8.0,0.962425,0.281,22.611327,16.238497,8449.89018,318.8909427,99.0,22.844629,39.5,38.925178,86.0
0136,81.8,4.978281,4.262896,3.652995,371200.0,12.0,2.367863,0.277,31.16359,24.66863,12305.71891,210.04808854,96.0,29.378705,38.4,44.246955,80.0
0138,85.0,3.279092,3.05153,2.492643,425700.0,8.0,1.460966,0.306,26.857863,14.368159,9377.67104,710.63151796,100.0,17.97456,40.5,42.941379,88.0
0139,81.9,5.219076,4.181883,3.819408,368300.0,13.0,2.448749,0.281,35.034714,22.867307,12361.96075,132.09519762,93.0,32.389414,38.0,43.373401,83.0
0140,89.0,2.578019,3.022651,1.999901,439100.0,6.0,2.02332,0.269,26.338991,10.721824,7166.29252,75.32093267,82.0,14.060357,39.7,37.925206,89.0
0160,85.3,2.402743,1.607236,1.661906,485000.0,5.0,0.893035,0.354,10.639205,10.980088,6842.7548,1218.56978085,100.0,19.584226,41.2,40.987316,90.0
0162,81.4,2.361873,1.09574,1.540574,530800.0,6.0,1.076716,0.653,14.667257,13.394073,12629.97175,1243.95145999,100.0,17.573107,41.8,39.862676,92.0
0163,82.4,4.014337,2.648465,3.126052,436500.0,10.0,1.47435,0.359,26.682752,19.962376,10593.01595,1427.63733131,100.0,28.541259,39.6,42.386844,87.0
0180,81.1,4.347387,3.09087,3.407621,412300.0,12.0,2.084899,0.419,42.524456,19.768675,19601.04261,5228.19293841,100.0,26.20772,39.9,53.350246,86.0
0181,77.7,8.250537,4.015802,6.354586,341000.0,19.0,2.515963,0.295,54.061669,23.569547,14635.99086,193.14694656,92.0,43.331771,39.7,46.406846,72.0
0182,85.3,2.743936,1.780353,1.982922,462500.0,7.0,1.07685,0.426,18.628103,17.214912,8388.7562,1140.14537027,99.0,19.902088,39.8,42.535634,89.0
0183,82.7,4.304268,3.421011,3.312243,408200.0,11.0,1.651563,0.307,45.380845,19.014147,11778.80595,6163.86651323,100.0,32.903643,38.1,52.192982,83.0
0184,80.8,2.921892,2.649627,2.074124,438500.0,10.0,0.486834,0.318,35.826546,14.074005,13590.19553,4368.81162429,100.0,33.714453,39.4,52.395272,86.0
0186,83.6,2.633124,1.324389,1.989558,470600.0,7.0,0.728857,0.493,30.217958,12.430497,7302.73101,1569.30596285,99.0,18.299884,42.2,45.710059,90.0
0187,85.7,2.500926,2.066059,1.695548,472400.0,6.0,1.647197,0.388,14.633212,13.291139,4017.57689,208.15547458,96.0,10.984116,43.9,39.167834,91.0
0188,82.9,3.543495,3.693431,2.60078,356700.0,13.0,2.419687,0.333,23.345844,12.485812,11782.21543,32.13851491,66.0,13.688688,46.0,48.130281,86.0
0191,79.4,5.808855,4.161846,4.727682,350900.0,17.0,1.565271,0.31,42.292433,29.960707,14758.83268,153.43038516,89.0,37.491325,38.3,44.452957,79.0
0192,81.8,4.548665,4.316255,3.390921,368700.0,13.0,,0.297,36.626892,19.186457,13369.61268,82.5427476,82.0,20.680358,42.9,46.902332,84.0
0305,86.3,2.839452,3.050496,2.358823,403900.0,8.0,1.089392,0.277,24.688621,13.061393,9439.35799,155.66392643,91.0,16.441906,40.5,39.776239,88.0
0319,81.8,5.956184,7.57759,4.435936,361600.0,17.0,4.779221,0.264,34.407462,22.761009,8902.97111,43.45098393,90.0,14.774026,44.2,46.065174,85.0
0330,87.4,2.588933,2.539721,2.167106,420000.0,8.0,1.331148,0.286,21.345595,18.480336,6688.19303,70.23425594,73.0,15.839666,37.2,38.53325,90.0
0331,82.1,4.758285,6.332803,3.644092,337800.0,18.0,4.375563,0.279,26.128986,23.18097,6997.63264,12.25747292,62.0,13.28618,44.1,46.258907,86.0
0360,81.4,5.151984,4.939378,3.993113,346400.0,18.0,3.704569,0.269,33.665549,21.091251,8290.78361,13.9512987,67.0,13.253293,43.8,47.219454,86.0
0380,77.2,4.4082,3.056398,3.215969,358100.0,16.0,3.683406,0.324,38.088325,14.204625,10060.53329,108.87362474,89.0,23.013133,39.1,50.112231,88.0
0381,84.0,4.740094,4.585681,3.721176,368800.0,14.0,3.471409,0.302,34.19577,22.421001,10996.77984,40.30297887,71.0,17.127153,41.6,45.097488,85.0
0382,86.3,2.913299,3.518114,2.216034,375900.0,13.0,1.181525,0.279,26.155093,12.151351,7153.08222,15.16696959,68.0,10.060866,45.9,47.619489,86.0
0428,79.9,6.485788,6.691485,5.002025,339600.0,20.0,5.923617,0.279,37.013415,21.085271,10042.11926,24.47342839,71.0,14.029618,45.1,45.823389,88.0
0461,83.3,3.442341,2.847879,2.650863,366500.0,13.0,1.997933,0.287,32.66083,12.413542,9496.21621,24.96963651,68.0,13.520496,43.5,46.25928,87.0
0480,81.8,5.8234,5.396736,4.51734,367000.0,15.0,4.622464,0.294,37.795167,15.806889,12751.82873,40.62295151,84.0,16.483687,43.3,48.997114,87.0
0481,81.3,6.124807,5.005269,4.816336,370800.0,17.0,3.466821,0.277,32.738654,14.245122,9885.20934,346.92593652,97.0,21.876551,45.4,50.577406,
0482,75.0,10.15625,7.611039,6.821602,331600.0,24.0,6.719392,0.311,43.121275,26.412615,11280.65731,22.71126515,76.0,22.518371,46.2,48.045733,84.0
0483,79.5,7.203065,6.428043,4.892026,345500.0,20.0,4.404115,0.287,49.220035,18.794835,12446.66128,34.08135055,84.0,19.286788,43.0,50.342902,84.0
0484,78.0,9.077082,5.883518,6.781911,342100.0,21.0,6.453048,0.301,49.875641,17.174237,15264.18605,97.83049491,90.0,26.696195,41.3,50.605976,82.0
0486,83.4,4.581314,4.093695,3.405018,386800.0,12.0,2.611224,0.328,35.662365,12.739198,10376.36162,51.57167203,80.0,16.586202,42.9,44.602026,87.0
0488,85.8,2.604011,2.644628,1.997014,400200.0,9.0,0.840108,0.323,30.56096,14.980102,10293.01788,70.08032129,89.0,14.857724,43.9,41.957615,90.0
0509,84.4,3.482373,3.607253,2.581953,356700.0,19.0,2.971601,0.293,26.985351,22.394366,8130.99943,12.23130976,57.0,11.416212,46.1,45.81183,88.0
0512,85.0,3.010471,3.942953,1.913354,352300.0,17.0,2.715178,0.283,26.923077,14.705882,3605.31309,5.47139917,44.0,10.371979,48.0,40.909091,91.0
0513,85.0,3.444394,3.37232,2.399247,363700.0,15.0,3.724672,0.295,34.217016,19.316843,5239.61026,8.89683812,66.0,9.366309,45.3,44.382742,88.0
0560,85.1,3.721298,4.985601,2.694399,368800.0,15.0,3.910513,0.32,27.862319,12.092624,6012.71571,10.48426979,69.0,9.749,45.6,45.67487,88.0
0561,85.9,2.952943,4.213675,2.372832,358700.0,14.0,1.94681,0.262,34.041835,9.094442,5973.52838,16.69531273,78.0,8.030593,45.3,43.817155,88.0
0562,81.7,6.298746,5.625109,4.87217,361000.0,17.0,4.090764,0.27,37.555359,12.248299,8786.99305,20.74295191,80.0,16.582203,44.4,47.793561,86.0
0563,81.7,4.368471,3.552632,3.378093,335600.0,18.0,1.769332,0.343,35.884597,11.058665,5768.47612,10.44137292,62.0,10.471822,48.7,44.614148,88.0
0580,77.7,4.426919,2.921004,3.011086,362400.0,16.0,4.441031,0.318,50.33195,11.428953,9765.80373,115.93069106,90.0,18.69529,39.8,49.868717,87.0
0581,80.1,6.881375,5.218033,5.35942,353800.0,17.0,3.892641,0.304,49.77055,13.403183,13254.45993,96.64617217,91.0,20.972988,41.0,49.267624,84.0
0582,86.0,3.370956,4.573712,2.809331,376000.0,11.0,2.217878,0.303,36.000579,8.357184,6113.8035,21.78716201,65.0,7.314278,44.4,40.305968,89.0
0583,81.4,5.122405,5.762082,3.690332,352900.0,17.0,3.35483,0.283,43.96955,16.414631,11452.82716,44.4288461,84.0,15.280827,43.9,47.040679,86.0
0584,82.8,3.633441,3.858785,2.350427,372500.0,14.0,2.927416,0.307,39.760508,7.71675,7755.34679,39.29018789,77.0,8.742147,49.2,49.113198,90.0
0586,84.7,3.798211,4.130037,2.71306,374100.0,14.0,2.448105,0.271,36.349091,11.946672,9418.39971,51.68763256,81.0,12.461803,42.1,45.861264,87.0
0604,85.4,3.900598,4.982669,2.841396,358200.0,15.0,3.648886,0.273,27.329386,17.131063,6022.16389,13.3122151,62.0,13.2034,43.2,40.638229,89.0
0617,86.3,3.168317,2.681895,2.054629,360500.0,13.0,2.987921,0.34,34.289128,28.144044,7228.53535,22.75699712,75.0,26.086035,42.7,40.133366,83.0
0642,86.2,2.690058,3.653295,1.93299,362800.0,13.0,2.349973,0.263,29.262606,13.411567,8060.41972,37.12772337,87.0,11.882634,43.1,42.128669,89.0
0643,89.5,2.211742,2.927722,1.494715,393000.0,9.0,1.729129,0.238,19.673123,12.582781,3670.29069,38.9966209,78.0,8.424741,38.9,30.62599,92.0
0662,84.9,4.585996,4.005977,3.049255,366100.0,15.0,1.790984,0.305,35.182768,24.716358,7764.62218,25.99472296,82.0,25.209457,42.5,42.741625,83.0
0665,87.0,2.994012,3.140794,2.056047,369800.0,11.0,1.925407,0.302,33.107896,20.430108,8195.94594,17.87610619,76.0,17.974956,41.0,38.009631,
0680,82.6,3.63611,2.513172,2.467687,369000.0,13.0,2.111443,0.297,44.50541,14.454402,9149.51176,97.00038509,91.0,19.743788,40.5,46.66806,86.0
0682,81.9,6.000808,5.420585,4.271052,351400.0,19.0,5.62547,0.286,38.592516,22.593081,9653.83046,34.16794779,84.0,20.119584,41.8,45.163308,86.0
0683,86.7,3.471649,2.933213,2.50755,371800.0,12.0,1.919751,0.297,37.507588,15.077039,10041.38249,28.50012745,80.0,20.716592,42.8,43.773922,86.0
0684,82.7,5.199771,4.115587,3.690402,350900.0,20.0,4.774446,0.284,34.116148,17.723797,7180.57921,17.24574711,75.0,20.193696,42.6,42.045014,86.0
0685,84.9,4.227681,4.424864,3.089556,363100.0,17.0,3.183609,0.294,35.29628,14.68575,7642.78221,18.41068608,76.0,16.832291,43.6,44.564963,86.0
0686,82.3,4.671606,4.894578,3.376422,356100.0,17.0,4.888565,0.301,42.671512,16.54224,11005.26728,22.30979009,79.0,15.908836,44.0,46.671405,87.0
0687,81.7,4.74827,4.298384,3.594303,354300.0,18.0,5.280791,0.29,46.106728,13.512355,9820.05414,46.88377177,86.0,16.33695,43.8,47.914808,86.0
0760,81.2,5.993912,4.720015,4.503566,357100.0,21.0,4.130389,0.292,33.869262,31.425016,7102.34801,8.06338749,74.0,22.977278,43.9,45.61762,86.0
0761,79.0,8.005502,6.33991,6.798769,332900.0,24.0,4.431349,0.277,36.222006,30.953969,9918.51808,20.78243165,89.0,25.162051,43.3,43.992606,86.0
0763,80.5,5.246212,5.103668,3.760786,343200.0,20.0,3.895259,0.303,32.987616,19.917985,9538.51153,11.79370824,63.0,17.508335,46.4,48.112423,86.0
0764,82.6,6.183206,5.75655,4.714303,350100.0,19.0,4.630498,0.296,34.1681,32.848132,8035.71428,20.82832825,70.0,20.363331,42.2,42.02339,86.0
0765,82.5,5.360292,4.726368,4.464894,383800.0,16.0,5.063011,0.306,36.014778,26.815642,8908.61184,20.17271972,73.0,27.520451,41.1,41.700303,87.0
0767,80.4,5.543286,3.168044,4.218613,346400.0,21.0,1.003344,0.328,36.166894,22.482436,13638.58244,19.95784099,79.0,24.621287,44.3,45.621735,83.0
0780,80.4,5.181303,3.893705,4.093136,358800.0,16.0,2.955619,0.31,47.701196,13.809758,9263.09467,57.65742498,87.0,20.179746,40.0,47.698791,87.0
0781,83.9,4.033827,3.724747,3.062094,360300.0,16.0,2.071411,0.299,38.285479,12.607048,9730.12861,16.26722811,71.0,20.075133,44.2,45.40307,85.0
0821,75.4,6.729475,5.121342,4.128315,322100.0,27.0,3.957736,0.335,31.473969,27.198364,11434.67806,7.51934783,65.0,24.552292,46.1,47.57392,85.0
0834,80.7,4.563758,5.587748,3.23614,340000.0,19.0,3.237717,0.277,25.369318,19.950739,6838.57294,15.18411784,59.0,11.67282,47.0,47.501453,88.0
0840,87.1,2.111241,3.178615,1.564535,376100.0,10.0,1.007194,0.285,21.636942,14.138641,6124.83047,23.59385317,78.0,8.507976,45.5,40.022235,91.0
0860,77.6,6.381892,5.119454,4.422529,335300.0,23.0,4.052901,0.287,40.457703,15.644062,11073.9687,12.53321444,82.0,21.473265,45.6,46.948848,84.0
0861,82.2,4.20096,4.311847,3.130578,357500.0,17.0,2.809581,0.284,31.932142,14.139161,8720.8864,22.14575643,76.0,13.919855,45.4,47.136839,88.0
0862,79.0,5.927771,4.771825,4.235106,350600.0,22.0,5.060447,0.297,28.941074,20.072551,10783.89376,13.53068299,69.0,21.193966,46.3,48.523299,86.0
0880,82.2,4.217741,3.731622,3.057289,360100.0,15.0,1.938404,0.296,44.435049,10.825377,13018.84949,74.59995398,89.0,15.571107,41.2,50.16755,88.0
0881,80.8,5.358324,4.467699,3.770387,341800.0,21.0,2.679407,0.277,37.402853,14.645669,10806.41584,17.31130304,79.0,19.026745,44.4,48.878695,86.0
0882,84.0,4.3665,4.503976,3.135152,379900.0,14.0,2.845198,0.281,36.950589,13.519126,7768.02831,26.03090812,85.0,15.350747,44.2,46.480291,87.0
0883,83.3,4.311377,4.248095,3.256583,353000.0,16.0,2.215553,0.284,35.521825,10.849364,9264.68384,19.60927661,81.0,11.942701,47.0,49.08972,85.0
0884,85.4,3.575403,3.315728,2.554227,361200.0,16.0,1.600566,0.266,38.661273,13.929785,8247.95246,13.6631145,73.0,12.926657,44.7,45.332973,86.0
0885,82.7,3.529412,2.918837,1.864218,336600.0,16.0,2.293451,0.321,21.677754,9.517045,8854.35821,16.09377077,52.0,10.288293,51.8,46.391565,88.0
0980,82.2,3.284605,2.918567,2.053483,342100.0,15.0,2.695634,0.306,30.271069,9.859849,9941.55876,19.46153061,64.0,8.611642,45.4,48.83617,88.0
1060,78.7,6.395049,5.843621,4.414729,356400.0,19.0,0.851129,0.28,37.63502,19.270534,10506.39618,34.028633,82.0,24.317957,45.9,49.984606,82.0
1080,81.4,4.84226,4.262225,3.548226,369500.0,15.0,2.363456,0.299,39.818951,12.631579,8771.2722,63.98848921,84.0,13.625866,42.7,48.245834,89.0
1081,78.4,8.702433,6.34905,6.4292,341800.0,21.0,4.868182,0.276,35.971755,23.691722,9614.69273,35.38707645,81.0,17.312901,44.1,47.463187,86.0
1082,81.2,5.990783,5.548128,4.424066,357800.0,17.0,2.796747,0.29,35.787015,14.555401,9155.51969,65.95849196,85.0,14.756643,44.7,48.860018,86.0
1083,83.2,4.296092,5.164319,3.073437,363100.0,15.0,1.4103,0.305,30.444266,12.35311,10697.78056,94.67775019,83.0,12.178828,45.8,46.119208,87.0
1214,81.9,4.281788,4.310759,2.727485,355700.0,14.0,1.818056,0.266,28.557646,21.117424,10333.12556,37.26245572,71.0,18.256602,40.5,40.776857,86.0
1230,87.0,3.185358,3.456558,2.46563,419200.0,7.0,1.318246,0.277,23.233365,12.148029,7235.00565,245.68860594,91.0,15.452984,39.8,35.333525,89.0
1231,77.2,7.709367,5.17342,5.594175,341000.0,17.0,2.524897,0.274,47.981165,18.177072,13165.13182,1045.13227513,99.0,34.408007,39.5,43.302105,76.0
1233,86.5,2.257496,1.705783,1.590783,460600.0,5.0,0.576399,0.423,13.751634,6.663113,5603.60288,262.5446898,93.0,9.492081,43.4,33.612346,93.0
1256,78.3,7.868295,6.581633,5.511352,330300.0,22.0,6.030047,0.278,34.756098,24.189435,10021.00413,34.61208794,79.0,18.625232,42.8,43.323442,85.0
1257,81.8,4.267277,2.978581,2.914655,339600.0,18.0,2.974653,0.295,30.302435,16.436252,11205.49775,32.88542254,74.0,18.957437,43.8,46.339963,85.0
1260,78.1,6.399249,5.742386,4.230852,339700.0,18.0,3.27481,0.251,27.300334,27.740964,11917.001,137.38617639,93.0,26.447516,40.5,42.010155,81.0
1261,87.4,3.059273,3.362813,2.327985,416400.0,8.0,1.250385,0.299,27.654884,15.514246,8159.10879,212.1416858,93.0,11.336618,40.7,37.102607,91.0
1262,87.0,2.313929,1.991283,1.662488,505900.0,5.0,1.314672,0.353,10.904439,7.372579,7103.06124,444.00792936,96.0,10.387929,42.3,34.592788,94.0
1263,87.6,3.344898,3.663506,2.544944,405000.0,8.0,1.897973,0.276,22.889683,12.823801,7159.75059,106.66482936,87.0,12.34112,39.3,37.239527,90.0
1264,83.7,3.962733,4.145885,3.148052,365000.0,12.0,1.978364,0.308,34.750559,15.381426,8108.59728,84.88780891,77.0,14.099576,41.9,41.764867,87.0
1265,83.8,3.581476,3.865031,2.707186,355900.0,14.0,2.097509,0.281,20.476718,12.669683,9420.14137,39.64497041,67.0,11.336778,44.0,44.678726,86.0
1266,82.9,3.935721,4.378942,2.79526,354300.0,15.0,2.443059,0.287,29.323308,17.265253,10100.75326,37.55605381,61.0,12.412521,43.6,44.938991,86.0
1267,84.3,3.339906,3.598218,2.569595,371800.0,13.0,1.722842,0.285,23.686577,8.135006,9272.72196,58.35943685,79.0,12.163959,42.5,40.885521,87.0
1270,80.8,4.856767,4.180306,3.411042,335200.0,18.0,1.962062,0.312,28.821293,17.959709,8973.98633,34.62451391,71.0,13.263829,44.7,45.966609,86.0
1272,81.2,6.492367,7.005575,4.822675,359100.0,17.0,1.416924,0.258,29.523967,16.515014,8582.84222,77.8317849,88.0,17.113908,44.2,43.876317,86.0
1273,81.5,5.87334,5.514505,4.135149,349000.0,18.0,4.260462,0.29,31.892058,18.140244,9914.36224,23.06528995,78.0,17.812358,44.5,46.291186,86.0
1275,73.4,9.927967,5.468395,6.337946,312700.0,27.0,,0.333,36.457462,21.626831,12873.99213,47.62354422,81.0,26.256383,41.9,50.146972,80.0
1276,78.9,4.933563,4.38154,3.185613,336700.0,17.0,2.65883,0.277,29.560042,15.54451,12606.59784,47.51382692,75.0,19.445844,43.0,46.947674,
1277,78.5,7.365514,6.021861,4.867272,343600.0,19.0,4.424454,0.262,38.403211,26.89605,11589.94149,176.60818713,93.0,27.997063,39.6,41.117975,80.0
1278,82.5,3.671117,2.589208,2.397344,372000.0,12.0,1.965369,0.431,26.976911,14.435585,7425.30197,72.02210963,77.0,13.871335,48.0,44.327423,89.0
1280,74.9,8.908663,5.482565,6.27654,336400.0,23.0,6.197937,0.351,46.682661,17.157832,15389.64866,2241.15323351,100.0,35.57084,38.7,52.257984,80.0
1281,70.3,4.329568,1.621061,2.699691,340400.0,17.0,3.006605,0.346,44.934765,10.955917,9867.06287,298.42325985,95.0,23.511497,39.2,52.598855,90.0
1282,77.8,7.404689,5.582228,5.062159,343600.0,20.0,3.567781,0.297,48.782593,19.174614,12850.29735,331.53615747,94.0,27.448728,41.7,47.636381,81.0
1283,77.5,7.719245,5.048407,5.091572,356800.0,17.0,4.700778,0.328,47.593207,16.817939,14769.96452,436.56642624,97.0,28.064911,41.0,49.667871,82.0
1284,83.7,3.43376,3.150666,2.481461,394100.0,10.0,1.608369,0.356,28.717201,12.276215,6783.73913,192.28463897,92.0,14.169306,45.4,42.065372,89.0
1285,81.7,5.24994,4.939765,4.255829,358800.0,16.0,3.973949,0.299,37.1032,18.61484,11536.35235,82.5707125,83.0,20.973459,40.8,44.210666,85.0
1286,84.8,3.663929,3.74923,2.707863,372700.0,11.0,1.844611,0.32,35.756483,8.134149,8916.77466,90.1920439,84.0,11.196948,46.1,47.561764,87.0
1287,81.9,5.299508,4.027979,3.968829,362600.0,14.0,2.516667,0.288,34.124439,16.048006,8654.17743,135.97352941,85.0,18.36481,42.7,44.992362,85.0
1290,79.5,7.15153,6.132612,5.354254,351000.0,19.0,3.826466,0.309,40.89156,17.988271,11342.78084,69.60122749,86.0,19.857502,42.5,46.394575,84.0
1291,80.4,4.169433,3.203374,2.747839,338200.0,16.0,2.034183,0.357,31.813362,12.253165,7396.78151,49.11292378,74.0,12.928594,50.3,48.737504,87.0
1292,85.1,3.421815,3.029306,2.442284,382000.0,11.0,2.005964,0.319,38.814801,9.41054,8327.55031,103.93758933,86.0,13.165266,43.9,45.280351,87.0
1293,79.6,6.536383,6.004707,4.767626,343400.0,18.0,3.918349,0.291,34.143383,14.292311,11406.40822,41.20311294,81.0,17.336592,43.6,47.369282,85.0
1315,81.3,6.370779,3.154939,4.959914,343700.0,21.0,6.068425,0.308,34.486267,35.763889,11193.85286,11.21899167,68.0,24.311927,43.1,42.68559,83.0
1380,81.1,5.233767,3.374046,3.865003,359500.0,15.0,2.071366,0.303,47.492044,17.153862,12924.79055,103.14038012,93.0,20.207707,41.6,47.561822,85.0
1381,83.8,3.906446,3.418896,2.844349,356500.0,15.0,2.479774,0.314,28.044808,16.998715,9260.02949,29.82018831,74.0,15.322672,44.6,40.715902,86.0
1382,84.3,4.096464,3.259233,3.030072,358400.0,14.0,2.399132,0.303,29.8836,15.298079,10348.65124,42.19828403,81.0,15.249803,43.8,42.947329,86.0
1383,86.8,2.515961,2.013865,1.725864,386500.0,10.0,1.69174,0.296,38.133937,8.911545,7667.82192,76.74099999,81.0,11.657817,43.7,43.255483,89.0
1384,88.7,1.77348,1.713368,1.304297,435700.0,6.0,1.580401,0.34,23.498408,8.299839,6950.2402,140.6261334,87.0,9.539516,42.0,35.769452,91.0
1401,87.4,2.359115,1.884019,1.497131,435000.0,7.0,1.700116,0.295,26.147705,16.031054,9813.6299,146.2761569,91.0,13.125597,39.8,36.521355,90.0
1402,84.4,3.351612,2.834157,2.5105,416300.0,9.0,1.839305,0.303,36.828371,14.372025,10188.83611,695.68813798,99.0,20.867209,39.8,40.282967,86.0
1407,87.0,1.826405,2.613052,1.453269,420000.0,5.0,1.734375,0.31,17.391304,5.635838,5229.16504,501.04854369,97.0,6.90625,46.1,33.643953,92.0
1415,87.4,2.50184,2.360464,1.747689,419800.0,9.0,2.081091,0.276,28.719405,11.174882,9417.96268,109.42302347,82.0,11.761751,41.7,42.600414,89.0
1419,86.7,1.814091,2.21395,1.266088,406700.0,8.0,2.021505,0.348,13.724374,22.682119,6180.37867,97.47236331,72.0,9.388633,46.5,39.073211,90.0
1421,84.7,2.76567,1.693878,1.707307,376400.0,12.0,1.965618,0.308,20.916092,12.430279,6944.08322,39.70245796,46.0,9.237755,48.2,42.935679,89.0
1427,85.1,2.074264,3.095975,1.705176,384100.0,10.0,1.943231,0.363,29.166667,9.564086,7798.74213,66.02749638,82.0,10.633188,50.6,47.896851,89.0
1430,83.7,3.616221,5.304622,2.498864,356000.0,17.0,3.16695,0.261,29.439252,20.155969,11102.71189,16.70057887,62.0,12.1384,44.4,45.751108,85.0
1435,84.9,2.576319,2.775089,2.28622,361600.0,14.0,2.297702,0.316,25.641413,18.50348,7721.91854,14.13572036,46.0,12.372243,46.9,45.935881,88.0
1438,81.1,4.15,3.293173,2.450412,348900.0,18.0,3.784946,0.264,34.785962,10.088692,6889.21964,6.56606795,63.0,14.451613,46.5,50.343348,84.0
1439,81.5,4.811353,3.627622,3.093469,353600.0,19.0,6.434275,0.262,29.721457,13.636364,7396.08801,11.16563375,56.0,11.547912,45.4,47.24888,86.0
1440,86.6,2.570646,2.74168,1.840313,397600.0,9.0,1.975675,0.246,27.524956,16.08009,7638.43698,101.41324921,83.0,18.28425,39.6,38.7429,86.0
1441,88.5,2.369083,2.649972,1.792191,427100.0,6.0,1.773245,0.281,17.297328,13.342599,7180.07706,167.85534713,93.0,11.222896,40.1,35.66108,91.0
1442,85.9,3.622449,3.675176,2.664896,371400.0,13.0,2.160091,0.275,29.369958,16.232558,7231.67539,28.55133615,55.0,14.003913,41.5,41.847015,88.0
1443,88.5,2.445302,2.793615,1.948751,396200.0,8.0,1.937545,0.281,22.765432,9.050279,6774.57723,36.58805211,66.0,10.780171,42.2,37.429482,90.0
1444,86.1,2.645706,3.382838,1.830218,363500.0,14.0,1.257527,0.282,25.488069,10.474632,6715.8931,21.65123748,54.0,7.616011,45.8,44.931303,89.0
1445,84.3,4.012589,4.788419,2.884407,352300.0,17.0,3.533322,0.257,27.602816,13.670412,6272.44853,24.29436343,46.0,9.72538,44.9,43.183549,88.0
1446,82.6,3.104359,2.011494,1.923594,370600.0,13.0,2.706533,0.267,33.215458,5.833333,6917.70075,17.15728538,77.0,9.224883,47.0,46.278409,90.0
1447,77.5,6.653809,5.080321,4.082999,337400.0,23.0,5.371583,0.311,26.896067,20.725389,8500.0,16.50393102,67.0,17.135156,48.8,48.63409,84.0
1452,86.4,2.600686,2.947061,1.833933,372200.0,14.0,1.340034,0.298,31.270068,16.862745,6943.92092,16.1053995,73.0,17.370184,44.4,42.201153,87.0
1460,78.2,6.23061,3.209046,4.433116,345400.0,21.0,4.527283,0.288,36.025443,16.554433,7629.66138,10.65571914,70.0,18.995138,47.8,50.455219,85.0
1461,78.6,6.222902,4.634196,4.494438,334700.0,23.0,3.627335,0.301,31.176717,25.508197,9562.35497,18.04095616,59.0,18.611681,45.8,47.469498,85.0
1462,83.3,3.671051,3.539707,2.597868,369300.0,14.0,2.418908,0.251,27.198269,18.061271,9330.61478,45.97275032,69.0,18.020516,41.7,42.65216,84.0
1463,84.9,2.906515,2.455111,1.914324,362300.0,14.0,2.137055,0.287,31.512709,17.851264,7837.79951,37.88312527,69.0,13.696963,43.3,43.632817,87.0
1465,82.8,3.662851,3.20161,2.442124,347500.0,17.0,2.588757,0.289,29.594411,20.200334,10442.80442,11.8131898,63.0,15.735947,44.5,43.604298,85.0
1466,84.2,2.772686,3.465063,1.867336,359400.0,15.0,2.06998,0.296,30.494148,13.58811,8413.08234,19.09940698,56.0,12.388358,44.3,44.638801,88.0
1470,82.3,3.435583,3.214205,1.891554,352100.0,17.0,3.353338,0.297,28.361858,19.445545,11062.64501,23.19260684,59.0,12.058405,44.1,45.105873,86.0
1471,86.1,2.960526,3.134772,2.120758,368800.0,13.0,2.003766,0.313,20.272873,16.603569,10354.96269,32.78457545,64.0,11.789077,45.3,42.320261,89.0
1472,81.5,5.461613,4.050145,4.349148,351800.0,19.0,3.272217,0.278,30.692151,18.465228,8712.52204,51.32393085,84.0,16.18563,43.9,46.148107,85.0
1473,79.7,5.319413,5.091511,3.518051,336800.0,22.0,3.723057,0.311,32.391753,13.125638,9601.47882,17.02824169,61.0,14.119312,45.5,47.003367,85.0
1480,78.6,5.260566,3.267342,3.714468,369100.0,17.0,3.376444,0.336,53.767642,18.120418,15946.94315,1311.96186138,99.0,29.142938,39.3,52.742993,83.0
1481,85.8,2.619125,2.036554,1.880071,420400.0,8.0,2.011154,0.273,32.591635,11.9765,9132.32228,479.45571703,97.0,19.234335,39.7,43.531627,88.0
1482,87.3,2.528101,2.544017,1.788512,415100.0,8.0,1.870873,0.295,26.899152,11.721169,8358.41748,133.16505283,79.0,11.310834,41.7,41.913408,89.0
1484,81.9,4.277088,4.096573,3.067485,371000.0,14.0,3.246295,0.31,40.327584,12.912578,8883.10592,68.44175782,75.0,14.093155,48.2,47.648059,87.0
1485,81.5,5.44327,4.695567,4.022728,367100.0,17.0,3.985545,0.29,40.405976,16.891863,10873.74567,89.58346402,82.0,17.743794,42.3,49.248232,85.0
1486,83.9,3.079155,3.252957,2.498902,372500.0,15.0,1.271633,0.31,37.778093,22.29251,8928.36978,28.4,67.0,27.810384,43.3,47.385568,84.0
1487,81.3,5.660069,5.756104,4.525604,361900.0,17.0,3.934443,0.281,36.891261,17.631065,10080.46266,61.55231854,81.0,15.812951,43.1,47.340824,86.0
1488,79.1,6.886542,5.530728,5.415365,360100.0,19.0,3.885346,0.284,42.418151,17.552299,11757.35467,144.40836853,92.0,22.655802,40.9,49.059692,84.0
1489,85.8,3.42594,3.478555,2.442602,382500.0,11.0,1.883931,0.3,37.559976,12.926922,8989.67305,88.65846167,83.0,12.223038,42.6,44.599926,89.0
1490,81.8,4.852411,3.312911,3.140494,358100.0,16.0,1.851544,0.31,46.602711,17.83418,10867.43445,125.39126039,91.0,24.568133,41.0,48.610242,84.0
1491,86.0,2.882163,2.570883,2.024917,366000.0,13.0,1.891827,0.289,32.622839,11.313417,7791.06507,23.80624558,69.0,13.704795,43.7,44.042664,87.0
1492,79.7,7.349081,6.909144,5.274058,343600.0,21.0,5.869352,0.273,35.937018,12.716237,8380.20705,25.61021248,80.0,15.627046,46.1,50.364601,85.0
1493,84.0,3.404444,3.499782,2.423331,365200.0,14.0,2.325581,0.291,28.047932,8.913878,12058.75815,41.04083665,78.0,12.455588,45.2,47.254755,87.0
1494,85.5,3.061118,3.046502,2.227648,373900.0,13.0,2.123242,0.298,32.861691,11.293406,9127.87176,57.91583166,78.0,11.209432,43.8,47.063693,88.0
1495,82.3,4.19244,2.789586,2.904701,364500.0,16.0,3.604372,0.302,37.241966,16.93013,11246.56547,43.7163061,76.0,16.795521,43.3,48.348179,86.0
1496,82.8,3.549252,2.307692,2.514817,380600.0,13.0,1.564485,0.282,44.221775,8.890392,10753.06388,84.63993587,87.0,16.530637,40.9,49.664768,86.0
1497,84.8,3.098317,2.498899,2.122484,365500.0,14.0,2.445094,0.29,33.799689,10.098907,7479.97402,31.08440225,71.0,8.785027,45.3,45.656109,88.0
1498,84.4,2.689445,3.723849,2.084187,365400.0,16.0,2.897422,0.254,26.074723,10.924646,7886.53366,24.76059927,71.0,11.200249,44.2,46.554264,88.0
1499,82.5,4.954955,4.686567,3.960649,356300.0,20.0,4.053891,0.304,39.480198,20.515716,9975.64715,31.84280546,75.0,15.259233,42.5,46.472756,86.0
1715,85.0,3.783287,4.752604,3.130358,371800.0,13.0,3.450268,0.262,27.925674,11.53169,6565.21918,33.72991605,75.0,8.047875,43.8,43.262283,89.0
1730,80.1,4.136126,4.321465,3.255694,353900.0,22.0,2.870533,0.316,31.914399,22.711631,9468.42878,10.3516387,56.0,28.037493,45.0,48.489243,82.0
1737,83.9,3.31165,4.109347,2.638515,354100.0,18.0,3.154851,0.286,36.015048,13.899011,8206.96586,2.75619495,47.0,13.92516,47.6,52.69884,84.0
1760,80.0,5.707347,5.045872,4.050871,354900.0,16.0,3.426069,0.29,29.789227,5.191874,7203.06513,10.07862759,58.0,14.580113,48.0,45.225603,86.0
1761,88.5,2.437167,3.712809,2.061067,426000.0,9.0,1.920333,0.256,16.703911,12.646432,3989.87643,282.00168209,95.0,7.508918,41.0,39.802173,92.0
1762,79.0,5.91567,5.417957,4.098156,342600.0,21.0,3.539584,0.245,29.906124,10.363392,6367.70085,25.9923718,78.0,15.64442,46.9,55.076923,85.0
1763,83.9,4.134121,5.446787,3.328696,361600.0,14.0,3.783037,0.235,27.208481,14.164306,5106.97032,33.33429072,82.0,8.982553,43.2,43.654434,88.0
1764,80.7,5.316518,6.329562,4.477463,352000.0,18.0,3.448655,0.263,32.208395,11.289487,8386.45856,23.52865055,72.0,11.916529,45.5,48.241093,85.0
1765,84.2,2.654091,2.907986,2.410966,363500.0,18.0,3.84305,0.308,30.11375,17.432735,5197.42143,7.05371523,47.0,21.989106,45.0,49.235221,84.0
1766,84.0,3.1321,2.782415,2.586018,356400.0,17.0,3.003428,0.279,28.519856,15.757238,6506.55511,10.36894983,49.0,10.50082,45.5,48.256965,87.0
1780,81.1,4.551004,3.731737,3.649655,359100.0,15.0,3.435407,0.294,46.403227,9.853003,9440.57037,81.65067737,90.0,14.603073,41.7,53.182227,87.0
1781,79.0,5.916429,5.804929,4.611542,347300.0,19.0,5.0264,0.291,33.779472,12.083535,11289.2507,31.90694965,84.0,13.886002,46.0,51.3009,86.0
1782,73.6,8.283169,5.840095,5.309342,326800.0,25.0,9.229278,0.295,28.92057,21.38522,11159.37831,6.78148406,75.0,18.002908,46.1,55.856024,81.0
1783,79.0,3.943315,3.925319,3.243412,345600.0,20.0,3.201312,0.291,21.633725,12.944394,8642.29539,6.33318715,64.0,16.472517,48.5,51.381579,83.0
1784,83.5,3.185871,3.58348,2.491325,363400.0,17.0,3.004026,0.283,37.684425,11.229485,8718.02809,15.67878325,65.0,12.596779,45.4,51.32218,86.0
1785,78.3,6.557377,6.387156,5.589491,337900.0,21.0,6.068757,0.297,33.30943,19.712947,10222.59938,12.60582639,65.0,14.243538,46.4,48.873484,86.0
1814,88.2,2.282661,3.567582,1.899728,376400.0,12.0,2.46688,0.265,24.164456,10.014306,6981.969,18.57577786,56.0,7.332115,40.9,40.329,90.0
1860,79.2,5.468419,5.022831,3.809761,349900.0,20.0,2.994978,0.287,36.029649,25.961538,11507.4386,9.27365763,73.0,18.328551,47.2,50.482315,86.0
1861,82.9,3.974393,3.980447,3.256904,357200.0,18.0,2.228361,0.28,36.07823,21.378092,10416.79492,25.43581368,79.0,16.740331,42.6,46.450412,86.0
1862,77.2,6.660015,5.601093,4.153934,350700.0,20.0,6.642183,0.258,30.866891,13.669065,10952.58078,24.832005,80.0,15.750262,46.7,50.010489,86.0
1863,75.6,6.693938,4.788839,4.592623,329000.0,27.0,6.580529,0.287,31.280598,21.647625,9418.7338,6.95365247,76.0,19.876803,46.6,55.667434,83.0
1864,74.0,6.437292,6.27763,3.58637,320400.0,25.0,5.667478,0.289,31.371141,16.075949,10612.87139,7.99958299,72.0,17.688731,49.4,55.681818,82.0
1880,80.0,5.517481,3.733616,4.34702,351900.0,18.0,3.432939,0.297,57.1942,13.059865,14204.3651,114.33617619,90.0,19.546746,40.1,52.438355,85.0
1881,84.3,3.842523,4.063038,2.868443,366500.0,14.0,2.691401,0.257,42.193435,13.887647,12446.4962,108.70888562,88.0,13.919658,41.0,44.922924,88.0
1882,84.6,3.35438,3.106362,2.267492,374500.0,14.0,2.096199,0.281,33.344257,15.620943,8171.5948,14.12251595,63.0,9.219796,46.9,46.982228,87.0
1883,81.8,4.57927,3.568627,3.353741,367200.0,17.0,4.138318,0.271,27.460748,14.768699,10597.05179,65.00298992,92.0,16.619328,44.4,50.808007,85.0
1884,82.9,4.472774,4.764553,3.391035,367700.0,17.0,3.130549,0.31,38.491989,16.710526,5788.44178,17.33135033,76.0,13.606205,45.6,47.911405,87.0
1885,81.0,5.003842,4.471545,3.52381,358200.0,19.0,3.831875,0.28,35.493262,19.982047,9180.20239,17.13308796,73.0,15.161084,44.6,48.227454,85.0
1904,78.0,5.260274,5.189094,3.476962,345800.0,18.0,3.657428,0.295,30.581537,18.569464,11330.21771,6.62875341,58.0,17.741935,47.4,50.835214,84.0
1907,82.7,4.771416,5.334115,3.636637,364700.0,14.0,2.302402,0.238,25.482234,12.842893,8066.75938,29.36524091,89.0,19.326223,44.1,45.368579,84.0
1960,80.5,6.340718,5.376671,4.709255,357100.0,19.0,5.033097,0.316,38.30773,22.59519,6017.43689,43.3690341,79.0,18.694362,43.6,44.008006,86.0
1961,82.8,5.006519,5.424837,3.92709,357000.0,17.0,2.351744,0.261,40.913126,17.899382,8547.6755,97.97074092,88.0,19.717551,43.1,48.14105,84.0
1962,79.3,6.05428,5.16118,4.336043,355400.0,20.0,5.757953,0.267,34.343112,11.767926,10880.8747,13.67541823,79.0,14.359339,46.0,51.39823,84.0
1980,80.7,6.312813,4.887954,4.667839,368200.0,15.0,3.49757,0.307,38.823011,15.707663,12868.82985,163.65248967,94.0,24.27436,41.1,48.767816,84.0
1981,82.8,4.994737,5.523114,3.966646,348600.0,17.0,2.471607,0.271,37.918714,18.843716,12440.46195,19.70913641,70.0,14.542448,44.2,47.436723,87.0
1982,76.9,8.921552,6.607291,5.820555,354000.0,22.0,6.24391,0.267,24.703054,16.79803,9002.25056,49.50933016,89.0,27.411738,43.3,52.942083,82.0
1983,80.8,6.513507,5.321766,4.678104,356100.0,19.0,3.598775,0.281,41.607103,18.654012,10655.84751,43.24364575,83.0,21.680704,43.8,50.230965,83.0
1984,81.4,5.143219,4.430221,3.915956,352200.0,18.0,3.628488,0.269,45.307023,12.868789,8643.50849,43.32462744,82.0,15.074913,45.2,48.91115,85.0
2021,85.4,2.848,2.246604,2.100505,343800.0,18.0,2.852941,0.267,27.540707,17.524752,6275.78078,4.39991429,71.0,9.911765,45.8,51.806527,84.0
2023,86.4,2.490737,2.475915,1.883709,359000.0,15.0,2.563853,0.292,30.301385,14.629795,10080.09376,2.50134027,72.0,12.419575,46.3,49.667058,87.0
2026,86.7,2.317099,2.251709,1.619098,365300.0,12.0,1.6954,0.252,16.898992,11.374408,4361.69706,13.68820302,76.0,7.238785,44.0,40.730397,89.0
2029,85.9,2.251995,2.465226,1.882821,362700.0,13.0,2.147334,0.334,30.554535,12.136106,5540.85603,13.11201553,81.0,9.321666,46.8,45.400866,88.0
2031,85.0,2.547634,2.117864,1.874128,353400.0,14.0,2.66859,0.285,26.971448,11.204482,6487.94773,5.78046419,80.0,7.762351,49.0,50.258421,86.0
2034,83.0,4.363057,3.748694,2.909539,336300.0,19.0,3.446784,0.273,32.371625,16.710354,7998.84493,3.99715727,88.0,12.186328,46.6,51.735016,86.0
2039,84.8,3.730635,3.36329,2.425113,344900.0,18.0,2.408093,0.259,23.529412,16.865417,10341.39402,1.02483948,68.0,9.618125,46.9,51.382824,86.0
2061,83.4,3.858385,4.737374,2.672742,372600.0,15.0,2.755906,0.288,27.086384,15.831135,6570.57881,11.53294373,69.0,10.309467,46.9,45.734553,87.0
2062,85.7,2.702121,3.809255,2.012028,361400.0,13.0,2.562987,0.271,30.481084,9.550173,7303.68328,7.34941173,87.0,9.110692,45.9,49.171545,86.0
2080,85.5,3.254406,3.089031,2.415353,371900.0,13.0,2.825237,0.283,41.161412,12.920765,7626.92741,29.32927487,87.0,10.732555,42.7,48.560237,88.0
2081,79.3,6.487401,4.379518,4.532456,351800.0,21.0,6.841964,0.282,37.840643,23.623113,11990.5776,89.49594944,91.0,18.266319,41.4,51.644509,84.0
2082,86.6,2.639874,2.619048,1.911965,369700.0,12.0,2.209209,0.284,31.352834,14.080338,6085.37289,19.71208641,66.0,8.384349,45.0,45.659951,88.0
2083,81.0,5.326912,4.772448,3.720307,347200.0,19.0,4.506896,0.291,32.515115,16.63739,9358.92042,18.50105324,71.0,14.498478,45.3,50.968333,84.0
2084,80.5,6.839024,4.624827,4.737043,358100.0,19.0,4.687773,0.271,31.543141,18.055899,9089.12488,37.38767389,82.0,17.23356,44.7,51.600704,85.0
2085,79.4,6.621725,5.447861,4.920867,358900.0,20.0,6.454673,0.273,36.708157,20.34188,8261.11636,17.77916449,87.0,18.331879,44.0,52.856384,85.0
2101,80.0,6.736167,5.294556,4.087553,344700.0,20.0,4.483766,0.28,35.001574,31.323722,6623.30994,5.50869745,59.0,12.935922,47.4,50.067705,85.0
2104,81.1,6.570363,6.939466,4.476687,365900.0,17.0,4.286318,0.253,30.376503,13.362239,8871.39107,23.36610475,78.0,14.537584,45.6,50.169635,83.0
2121,84.6,4.180504,5.76403,3.511572,349900.0,18.0,3.923593,0.294,37.141911,16.740088,5125.78751,6.25146798,66.0,8.879711,45.8,48.67381,85.0
2132,81.7,4.437362,4.277848,3.305879,340100.0,18.0,3.098978,0.282,28.271372,17.876659,7708.12463,6.91940499,52.0,9.159903,45.4,48.00529,83.0
2161,83.2,5.035452,5.348332,3.940373,343500.0,18.0,2.312077,0.28,33.606476,14.965517,7627.41184,3.57735332,61.0,9.956848,46.1,50.016243,83.0
2180,80.7,6.927348,5.816164,5.197194,365500.0,17.0,4.710464,0.294,46.433827,13.933955,11631.47476,63.93929437,94.0,16.400143,42.1,52.169516,85.0
2181,79.2,8.947136,6.457778,6.248221,361200.0,19.0,4.550105,0.273,35.799068,17.811649,9422.06565,33.67422228,86.0,18.315515,44.0,49.700186,84.0
2182,79.0,7.98573,8.089601,5.626585,344300.0,19.0,7.819305,0.295,38.032642,17.266462,10105.71158,24.01880274,77.0,13.156228,46.1,51.822629,82.0
2183,80.7,7.432206,6.217598,5.043994,338700.0,20.0,3.827374,0.286,40.881033,15.65038,9854.43168,14.74766407,70.0,11.579778,45.0,51.965165,84.0
2184,84.0,3.976306,5.054327,3.130019,362600.0,14.0,3.786351,0.296,36.610889,11.583514,8444.6919,15.17773846,72.0,10.069518,45.1,50.951284,85.0
2260,82.6,3.843311,4.53785,3.082302,348700.0,18.0,2.41715,0.263,30.674388,6.332288,7575.09795,3.02704439,60.0,8.202997,46.9,51.515798,85.0
2262,83.3,5.298092,6.617505,4.21616,365900.0,13.0,2.900755,0.251,26.039536,13.97281,7506.23651,22.88548956,84.0,10.290639,44.1,46.905073,86.0
2280,80.5,7.082231,5.692228,5.4131,347800.0,19.0,3.468789,0.274,32.739254,12.752669,12555.3707,23.63480019,79.0,14.912175,44.9,51.176614,85.0
2281,83.4,4.591943,4.676361,3.756894,378400.0,13.0,3.037409,0.275,31.850099,10.88429,11012.15634,31.16294675,88.0,11.810469,43.0,51.222174,86.0
2282,78.6,5.652866,5.917567,4.125672,339500.0,20.0,4.434763,0.281,33.702094,15.068079,11061.29382,10.62473814,69.0,13.103217,47.4,51.772663,84.0
2283,82.0,4.567127,5.695329,3.668622,339900.0,20.0,3.42851,0.273,32.260465,12.290112,10933.53966,3.48627559,65.0,12.06407,46.8,53.091328,85.0
2284,84.4,3.934748,3.637406,3.355079,374300.0,14.0,2.70533,0.267,34.220786,10.303608,8042.73657,8.75444795,76.0,9.505553,44.1,45.121531,87.0
2303,83.3,3.637977,5.271216,2.793696,330000.0,20.0,3.092385,0.264,29.647547,15.12605,6664.09861,2.07496147,46.0,11.905682,47.0,51.941561,85.0
2305,81.2,4.234405,4.916986,2.624515,336300.0,21.0,4.057124,0.265,30.258303,13.363533,7068.16892,1.81185998,47.0,11.927945,47.5,49.91891,83.0
2309,89.5,1.913546,2.201136,1.464406,377000.0,13.0,1.84136,0.262,23.13137,16.947422,5452.66157,2.49445523,58.0,7.391192,41.9,42.579112,88.0
2313,83.8,4.090354,4.641132,2.836008,336100.0,20.0,4.808283,0.29,30.681284,19.441572,7013.55487,1.09640279,59.0,12.029481,47.1,52.866242,83.0
2321,87.2,2.38205,2.053446,1.728427,350900.0,14.0,1.200324,0.328,27.49098,22.270742,9251.65643,1.70548992,63.0,11.816707,40.4,48.394495,88.0
2326,85.4,3.675048,4.689266,2.115419,333600.0,20.0,2.675585,0.278,24.91745,29.160305,7714.3456,1.24950528,37.0,9.057971,46.2,49.592312,84.0
2361,85.3,3.099788,3.250099,1.874483,346800.0,16.0,1.85567,0.319,31.42816,19.741379,8089.06842,0.89631575,66.0,11.202749,47.5,51.716821,84.0
2380,84.6,3.456177,3.863568,2.311683,357300.0,14.0,2.718114,0.279,40.633223,9.607881,12075.51263,29.12762923,89.0,10.524771,42.3,53.918399,86.0
2401,84.2,3.713355,4.459178,2.828626,355200.0,15.0,,0.258,29.716576,9.623016,5012.00056,5.76926202,57.0,9.623549,45.9,43.288084,85.0
2403,86.2,4.493308,2.662037,2.850184,337800.0,18.0,3.288364,0.272,26.398601,17.679558,6712.81728,1.83283335,42.0,11.214165,45.9,44.311927,83.0
2404,85.8,2.808047,3.425141,2.084041,351200.0,16.0,1.726017,0.256,27.936858,16.275168,7761.89614,2.11016988,56.0,11.119186,45.1,45.595654,84.0
2409,86.3,2.359588,3.184411,1.916644,355600.0,13.0,1.553484,0.24,22.614173,14.647887,8135.84348,5.25098079,46.0,9.868324,45.2,41.805913,85.0
2417,85.7,3.350664,3.207237,2.682267,352700.0,15.0,1.545478,0.238,33.480609,13.736264,5405.4054,2.28332557,60.0,10.311629,46.4,48.148148,83.0
2418,86.1,3.007519,4.42055,1.770186,366000.0,17.0,4.286185,0.248,35.758323,19.230769,5966.70512,1.89837381,66.0,12.792615,45.7,50.133869,82.0
2421,85.1,2.777778,3.751729,2.31937,346000.0,18.0,2.209849,0.262,26.979983,8.536585,8031.15534,0.7957407,57.0,9.500609,47.3,50.206612,83.0
2422,86.1,2.772643,2.835951,1.576073,335700.0,17.0,3.366174,0.279,31.160458,19.847328,5923.20261,0.33393877,46.0,12.807882,47.4,52.14923,82.0
2425,86.0,2.946955,2.878788,2.364865,358300.0,18.0,5.097389,0.316,38.807947,6.345178,8743.84236,0.88951108,53.0,7.832574,48.7,55.00394,81.0
2460,86.3,3.195489,3.361266,2.307743,366700.0,14.0,2.298338,0.298,34.613626,9.292721,4207.1377,17.09882722,70.0,8.880955,41.7,42.590751,85.0
2462,84.0,3.922942,4.273504,2.874758,330100.0,20.0,2.878148,0.266,31.760834,10.639938,9737.53688,0.80586936,51.0,8.149539,45.8,53.51938,82.0
2463,82.0,4.863481,5.243056,4.017757,335300.0,22.0,2.192667,0.286,30.536706,7.591623,12095.18697,0.66462252,60.0,12.473041,47.6,53.272981,83.0
2480,79.8,2.908914,2.563955,2.112339,359200.0,14.0,1.90343,0.291,47.375738,8.719406,8481.49161,56.54489811,90.0,13.199985,39.4,49.955951,88.0
2481,85.4,4.004897,4.814164,2.837633,354600.0,16.0,4.631218,0.264,45.267737,9.72752,11180.47904,2.22248801,74.0,11.239075,43.4,50.3772,84.0
2482,85.5,2.422695,2.807892,1.751584,378000.0,12.0,2.088654,0.29,34.413815,9.282026,8990.83189,10.78939128,82.0,10.724174,43.6,46.732872,86.0
2505,85.3,3.073624,4.775459,2.223039,368100.0,15.0,2.241859,0.254,41.833423,6.681351,6463.19569,1.0862108,76.0,9.671085,46.2,53.445065,86.0
2506,87.0,2.361564,2.657005,1.048602,361600.0,15.0,0.63742,0.248,39.411765,9.384164,10569.40826,0.2155816,63.0,10.986127,48.3,53.774929,83.0
2510,85.3,2.300966,3.475936,1.574997,365400.0,17.0,1.344538,0.266,36.414048,12.382234,8176.10062,0.27157795,75.0,13.046218,47.7,52.601626,82.0
2513,82.2,3.866566,2.723735,2.412539,341500.0,17.0,3.06962,0.25,34.96063,7.392996,6519.02682,1.1762323,54.0,13.291139,50.7,52.706722,82.0
2514,84.0,3.204483,3.603604,2.311915,367300.0,13.0,,0.286,30.742256,8.982585,9359.62155,8.74455129,78.0,11.602772,47.2,49.140203,85.0
2518,82.5,3.219697,3.881988,2.396229,356200.0,17.0,1.699442,0.263,35.094637,14.800759,8691.47659,1.78581273,58.0,25.297402,51.3,48.282443,80.0
2521,83.7,1.792742,2.570243,1.498862,371600.0,17.0,1.478837,0.284,31.04067,15.0,6005.39811,0.76188168,51.0,14.176441,49.1,54.442218,81.0
2523,88.4,2.046066,2.244508,1.615629,443300.0,10.0,1.360505,0.248,45.630365,9.470305,8552.00894,1.11201536,82.0,10.568312,45.1,55.139353,82.0
2560,83.1,3.633315,3.31849,2.918331,358200.0,16.0,2.186828,0.284,36.397573,10.70163,6896.98492,4.71325585,75.0,10.327392,45.3,47.400926,84.0
2580,81.6,3.434661,2.71147,2.701478,382800.0,13.0,2.197012,0.277,44.29328,8.046719,11256.64881,37.76449801,90.0,12.344152,42.4,51.375433,88.0
2581,85.4,3.176021,3.96064,2.371005,384200.0,10.0,1.768094,0.258,41.906077,8.789797,7706.20534,13.7139839,83.0,7.131391,44.0,45.928513,88.0
2582,84.8,3.140133,3.870218,2.868145,372400.0,13.0,2.802339,0.252,42.002309,9.389089,9190.86251,7.0156382,84.0,10.357245,44.7,49.755371,86.0
2583,78.2,5.483522,5.394575,3.522597,342400.0,21.0,3.608137,0.271,34.583574,10.080223,12178.80654,10.31165165,80.0,40.685225,47.4,54.98008,73.0
2584,86.7,1.746919,2.150163,1.222575,440600.0,11.0,1.623333,0.275,45.528455,10.691579,7674.86326,1.17699426,89.0,13.539669,42.8,51.457739,83.0
