kommunkod,slug
0114,upplands-vasby
0115,vallentuna
0117,osteraker
0120,varmdo
0123,jarfalla
0125,ekero
0126,huddinge
0127,botkyrka
0128,salem
0136,haninge
0138,tyreso
0139,upplands-bro
0140,nykvarn
0160,taby
0162,danderyd
0163,sollentuna
0180,stockholm
0181,sodertalje
0182,nacka
0183,sundbyberg
0184,solna
0186,lidingo
0187,vaxholm
0188,norrtalje
0191,sigtuna
0192,nynashamn
0305,habo
0319,alvkarleby
0330,knivsta
0331,heby
0360,tierp
0380,uppsala
0381,enkoping
0382,osthammar
0428,vingaker
0461,gnesta
0480,nykoping
0481,oxelosund
0482,flen
0483,katrineholm
0484,eskilstuna
0486,strangnas
0488,trosa
0509,odeshog
0512,ydre
0513,kinda
0560,boxholm
0561,atvidaberg
0562,finspang
0563,valdemarsvik
0580,linkoping
0581,norrkoping
0582,soderkoping
0583,motala
0584,vadstena
0586,mjolby
0604,aneby
0617,gnosjo
0642,mullsjo
0643,habo
0662,gislaved
0665,vaggeryd
0680,jonkoping
0682,nassjo
0683,varnamo
0684,savsjo
0685,vetlanda
0686,eksjo
0687,tranas
0760,uppvidinge
0761,lessebo
0763,tingsryd
0764,alvesta
0765,almhult
0767,markaryd
0780,vaxjo
0781,ljungby
0821,hogsby
0834,torsas
0840,morbylanga
0860,hultsfred
0861,monsteras
0862,emmaboda
0880,kalmar
0881,nybro
0882,oskarshamn
0883,vastervik
0884,vimmerby
0885,borgholm
0980,gotland
1060,olofstrom
1080,karlskrona
1081,ronneby
1082,karlshamn
1083,solvesborg
1214,svalov
1230,staffanstorp
1231,burlov
1233,vellinge
1256,ostra-goinge
1257,orkelljunga
1260,bjuv
1261,kavlinge
1262,lomma
1263,svedala
1264,skurup
1265,sjobo
1266,horby
1267,hoor
1270,tomelilla
1272,bromolla
1273,osby
1275,perstorp
1276,klippan
1277,astorp
1278,bastad
1280,malmo
1281,lund
1282,landskrona
1283,helsingborg
1284,hoganas
1285,eslov
1286,ystad
1287,trelleborg
1290,kristianstad
1291,simrishamn
1292,angelholm
1293,hassleholm
1315,hylte
1380,halmstad
1381,laholm
1382,falkenberg
1383,varberg
1384,kungsbacka
1401,harryda
1402,partille
1407,ockero
1415,stenungsund
1419,tjorn
1421,orust
1427,sotenas
1430,munkedal
1435,tanum
1438,dals-ed
1439,fargelanda
1440,ale
1441,lerum
1442,vargarda
1443,bollebygd
1444,grastorp
1445,essunga
1446,karlsborg
1447,gullspang
1452,tranemo
1460,bengtsfors
1461,mellerud
1462,lilla-edet
1463,mark
1465,svenljunga
1466,herrljunga
1470,vara
1471,gotene
1472,tibro
1473,toreboda
1480,goteborg
1481,molndal
1482,kungalv
1484,lysekil
1485,uddevalla
1486,stromstad
1487,vanersborg
1488,trollhattan
1489,alingsas
1490,boras
1491,ulricehamn
1492,amal
1493,mariestad
1494,lidkoping
1495,skara
1496,skovde
1497,hjo
1498,tidaholm
1499,falkoping
1715,kil
1730,eda
1737,torsby
1760,storfors
1761,hammaro
1762,munkfors
1763,forshaga
1764,grums
1765,arjang
1766,sunne
1780,karlstad
1781,kristinehamn
1782,filipstad
1783,hagfors
1784,arvika
1785,saffle
1814,lekeberg
1860,laxa
1861,hallsberg
1862,degerfors
1863,hallefors
1864,ljusnarsberg
1880,orebro
1881,kumla
1882,askersund
1883,karlskoga
1884,nora
1885,lindesberg
1904,skinnskatteberg
1907,surahammar
1960,kungsor
1961,hallstahammar
1962,norberg
1980,vasteras
1981,sala
1982,fagersta
1983,koping
1984,arboga
2021,vansbro
2023,malung-salen
2026,gagnef
2029,leksand
2031,rattvik
2034,orsa
2039,alvdalen
2061,smedjebacken
2062,mora
2080,falun
2081,borlange
2082,sater
2083,hedemora
2084,avesta
2085,ludvika
2101,ockelbo
2104,hofors
2121,ovanaker
2132,nordanstig
2161,ljusdal
2180,gavle
2181,sandviken
2182,soderhamn
2183,bollnas
2184,hudiksvall
2260,ange
2262,timra
2280,harnosand
2281,sundsvall
2282,kramfors
2283,solleftea
2284,ornskoldsvik
2303,ragunda
2305,bracke
2309,krokom
2313,stromsund
2321,are
2326,berg
2361,harjedalen
2380,ostersund
2401,nordmaling
2403,bjurholm
2404,vindeln
2409,robertsfors
2417,norsjo
2418,mala
2421,storuman
2422,sorsele
2425,dorotea
2460,vannas
2462,vilhelmina
2463,asele
2480,umea
2481,lycksele
2482,skelleftea
2505,arvidsjaur
2506,arjeplog
2510,jokkmokk
2513,overkalix
2514,kalix
2518,overtornea
2521,pajala
2523,gallivare
2560,alvsbyn
2580,lulea
2581,pitea
2582,boden
2583,haparanda
2584,kiruna
