niva,kod,antal,valkretsar
kommun,0114,61,1
kommun,0115,51,1
kommun,0117,61,1
kommun,0120,51,1
kommun,0123,61,1
kommun,0125,41,1
kommun,0126,61,1
kommun,0127,75,1
kommun,0128,31,1
kommun,0136,61,2
kommun,0138,61,1
kommun,0139,51,1
kommun,0140,31,1
kommun,0160,61,2
kommun,0162,51,1
kommun,0163,61,1
kommun,0180,101,6
kommun,0181,65,1
kommun,0182,61,2
kommun,0183,61,1
kommun,0184,61,1
kommun,0186,61,1
kommun,0187,31,1
kommun,0188,61,1
kommun,0191,61,1
kommun,0192,41,1
kommun,0305,41,1
kommun,0319,31,1
kommun,0330,31,1
kommun,0331,41,1
kommun,0360,41,1
kommun,0380,81,1
kommun,0381,61,1
kommun,0382,49,1
kommun,0428,31,1
kommun,0461,31,1
kommun,0480,61,1
kommun,0481,31,1
kommun,0482,39,1
kommun,0483,51,1
kommun,0484,65,1
kommun,0486,55,1
kommun,0488,35,1
kommun,0509,29,1
kommun,0512,21,1
kommun,0513,35,1
kommun,0560,29,1
kommun,0561,35,1
kommun,0562,45,1
kommun,0563,31,1
kommun,0580,79,3
kommun,0581,85,1
kommun,0582,39,1
kommun,0583,57,1
kommun,0584,35,1
kommun,0586,45,1
kommun,0604,35,1
kommun,0617,35,1
kommun,0642,31,1
kommun,0643,35,1
kommun,0662,49,1
kommun,0665,41,1
kommun,0680,81,1
kommun,0682,57,1
kommun,0683,51,1
kommun,0684,39,1
kommun,0685,45,1
kommun,0686,49,1
kommun,0687,41,1
kommun,0760,31,1
kommun,0761,35,1
kommun,0763,41,1
kommun,0764,49,1
kommun,0765,41,1
kommun,0767,35,1
kommun,0780,61,1
kommun,0781,49,1
kommun,0821,31,1
kommun,0834,31,1
kommun,0840,43,1
kommun,0860,45,1
kommun,0861,49,1
kommun,0862,35,1
kommun,0880,61,2
kommun,0881,41,1
kommun,0882,49,1
kommun,0883,57,1
kommun,0884,45,1
kommun,0885,35,1
kommun,0980,71,1
kommun,1060,49,1
kommun,1080,75,3
kommun,1081,49,1
kommun,1082,51,1
kommun,1083,49,1
kommun,1214,35,1
kommun,1230,41,1
kommun,1231,41,1
kommun,1233,51,1
kommun,1256,31,1
kommun,1257,37,1
kommun,1260,31,1
kommun,1261,51,1
kommun,1262,45,1
kommun,1263,45,1
kommun,1264,39,1
kommun,1265,41,1
kommun,1266,31,1
kommun,1267,41,1
kommun,1270,41,1
kommun,1272,31,1
kommun,1273,35,1
kommun,1275,27,1
kommun,1276,35,1
kommun,1277,31,1
kommun,1278,37,1
kommun,1280,61,2
kommun,1281,65,1
kommun,1282,61,1
kommun,1283,65,1
kommun,1284,41,1
kommun,1285,51,1
kommun,1286,51,1
kommun,1287,61,2
kommun,1290,65,2
kommun,1291,41,1
kommun,1292,51,1
kommun,1293,61,1
kommun,1315,41,1
kommun,1380,71,1
kommun,1381,41,1
kommun,1382,61,1
kommun,1383,61,2
kommun,1384,61,1
kommun,1401,51,1
kommun,1402,51,1
kommun,1407,41,1
kommun,1415,51,1
kommun,1419,41,1
kommun,1421,41,1
kommun,1427,31,1
kommun,1430,35,1
kommun,1435,39,1
kommun,1438,31,1
kommun,1439,29,1
kommun,1440,49,1
kommun,1441,51,1
kommun,1442,41,1
kommun,1443,31,1
kommun,1444,27,1
kommun,1445,31,1
kommun,1446,31,1
kommun,1447,31,1
kommun,1452,37,1
kommun,1460,31,1
kommun,1461,31,1
kommun,1462,31,1
kommun,1463,51,1
kommun,1465,33,1
kommun,1466,31,1
kommun,1470,41,1
kommun,1471,35,1
kommun,1472,35,1
kommun,1473,31,1
kommun,1480,81,1
kommun,1481,61,1
kommun,1482,61,1
kommun,1484,31,1
kommun,1485,61,1
kommun,1486,39,1
kommun,1487,51,1
kommun,1488,61,2
kommun,1489,51,1
kommun,1490,73,3
kommun,1491,49,1
kommun,1492,35,1
kommun,1493,49,1
kommun,1494,51,1
kommun,1495,45,1
kommun,1496,61,1
kommun,1497,33,1
kommun,1498,41,1
kommun,1499,51,1
kommun,1715,41,1
kommun,1730,25,1
kommun,1737,31,1
kommun,1760,25,1
kommun,1761,31,1
kommun,1762,21,1
kommun,1763,41,1
kommun,1764,31,1
kommun,1765,35,1
kommun,1766,41,1
kommun,1780,61,1
kommun,1781,41,1
kommun,1782,25,1
kommun,1783,35,1
kommun,1784,49,1
kommun,1785,41,1
kommun,1814,35,1
kommun,1860,31,1
kommun,1861,45,1
kommun,1862,31,1
kommun,1863,27,1
kommun,1864,21,1
kommun,1880,65,2
kommun,1881,45,1
kommun,1882,33,1
kommun,1883,51,1
kommun,1884,35,1
kommun,1885,45,1
kommun,1904,25,1
kommun,1907,31,1
kommun,1960,31,1
kommun,1961,37,1
kommun,1962,21,1
kommun,1980,61,1
kommun,1981,45,1
kommun,1982,35,1
kommun,1983,49,1
kommun,1984,31,1
kommun,2021,31,1
kommun,2023,39,1
kommun,2026,35,1
kommun,2029,41,1
kommun,2031,39,1
kommun,2034,31,1
kommun,2039,35,1
kommun,2061,35,1
kommun,2062,41,1
kommun,2080,61,1
kommun,2081,61,1
kommun,2082,35,1
kommun,2083,35,1
kommun,2084,41,1
kommun,2085,45,1
kommun,2101,31,1
kommun,2104,31,1
kommun,2121,35,1
kommun,2132,31,1
kommun,2161,41,1
kommun,2180,65,1
kommun,2181,51,1
kommun,2182,49,1
kommun,2183,45,1
kommun,2184,51,1
kommun,2260,35,1
kommun,2262,41,1
kommun,2280,43,1
kommun,2281,71,2
kommun,2282,35,1
kommun,2283,39,1
kommun,2284,61,2
kommun,2303,25,1
kommun,2305,27,1
kommun,2309,41,1
kommun,2313,35,1
kommun,2321,37,1
kommun,2326,31,1
kommun,2361,31,1
kommun,2380,61,1
kommun,2401,31,1
kommun,2403,21,1
kommun,2404,29,1
kommun,2409,31,1
kommun,2417,27,1
kommun,2418,25,1
kommun,2421,31,1
kommun,2422,21,1
kommun,2425,25,1
kommun,2460,31,1
kommun,2462,27,1
kommun,2463,25,1
kommun,2480,65,2
kommun,2481,31,1
kommun,2482,65,1
kommun,2505,23,1
kommun,2506,21,1
kommun,2510,23,1
kommun,2513,25,1
kommun,2514,37,1
kommun,2518,25,1
kommun,2521,21,1
kommun,2523,35,1
kommun,2560,27,1
kommun,2580,61,1
kommun,2581,51,1
kommun,2582,49,1
kommun,2583,31,1
kommun,2584,45,1
lan,01,149,
lan,03,101,
lan,04,79,
lan,05,101,
lan,06,81,
lan,07,61,
lan,08,67,
lan,10,57,
lan,12,149,
lan,13,71,
lan,14,149,
lan,17,81,
lan,18,71,
lan,19,77,
lan,20,83,
lan,21,75,
lan,22,71,
lan,23,55,
lan,24,71,
lan,25,71,
