niva,kod,namn,val,parti,andel
kommun,0114,,KF,C,4.71
kommun,0114,,KF,KD,4.37
kommun,0114,,KF,L,3.78
kommun,0114,,KF,M,20.92
kommun,0114,,KF,MP,3.02
kommun,0114,,KF,Partiet Nyans,1.05
kommun,0114,,KF,S,26.64
kommun,0114,,KF,SD,14.71
kommun,0114,,KF,V,7.78
kommun,0114,,KF,Väsbys Bästa,12.5
kommun,0115,,KF,C,9.15
kommun,0115,,KF,KD,4.54
kommun,0115,,KF,L,7.05
kommun,0115,,KF,M,32.85
kommun,0115,,KF,MP,4.93
kommun,0115,,KF,S,21.69
kommun,0115,,KF,SD,14.85
kommun,0115,,KF,V,4.07
kommun,0117,,KF,C,4.56
kommun,0117,,KF,KD,3.34
kommun,0117,,KF,L,5.39
kommun,0117,,KF,M,38.24
kommun,0117,,KF,MP,3.48
kommun,0117,,KF,Medborgerlig Samling,2.2
kommun,0117,,KF,Roslagspartiet,6.54
kommun,0117,,KF,S,22.55
kommun,0117,,KF,SD,8.98
kommun,0117,,KF,V,4.54
kommun,0120,,KF,C,6.98
kommun,0120,,KF,KD,5.05
kommun,0120,,KF,L,4.57
kommun,0120,,KF,M,23.33
kommun,0120,,KF,MP,4.07
kommun,0120,,KF,S,32.97
kommun,0120,,KF,SD,13.89
kommun,0120,,KF,Skärgårdspartiet,2.54
kommun,0120,,KF,V,4.91
kommun,0123,,KF,C,5.69
kommun,0123,,KF,KD,4.41
kommun,0123,,KF,L,7.25
kommun,0123,,KF,M,20.77
kommun,0123,,KF,MP,3.57
kommun,0123,,KF,Medborgerlig Samling,3.04
kommun,0123,,KF,S,31.38
kommun,0123,,KF,SD,11.75
kommun,0123,,KF,V,10.66
kommun,0125,,KF,C,6.15
kommun,0125,,KF,Ekeröpartiet,1.87
kommun,0125,,KF,KD,7.04
kommun,0125,,KF,L,8.92
kommun,0125,,KF,M,26.14
kommun,0125,,KF,MP,5.58
kommun,0125,,KF,S,21.67
kommun,0125,,KF,SD,13.15
kommun,0125,,KF,V,3.2
kommun,0125,,KF,Öpartiet,5.44
kommun,0126,,KF,C,5.81
kommun,0126,,KF,Drevvikenpartiet,5.0
kommun,0126,,KF,Huddingepartiet,2.59
kommun,0126,,KF,KD,3.38
kommun,0126,,KF,L,4.96
kommun,0126,,KF,M,20.76
kommun,0126,,KF,MP,3.81
kommun,0126,,KF,Partiet Nyans,1.14
kommun,0126,,KF,S,29.25
kommun,0126,,KF,SD,12.61
kommun,0126,,KF,V,9.75
kommun,0127,,KF,C,3.4
kommun,0127,,KF,KD,7.47
kommun,0127,,KF,L,2.75
kommun,0127,,KF,M,13.56
kommun,0127,,KF,MP,3.07
kommun,0127,,KF,Partiet Nyans,2.03
kommun,0127,,KF,S,31.5
kommun,0127,,KF,SD,12.44
kommun,0127,,KF,Tullingepartiet,12.06
kommun,0127,,KF,V,10.79
kommun,0128,,KF,C,7.22
kommun,0128,,KF,KD,4.59
kommun,0128,,KF,L,4.91
kommun,0128,,KF,M,33.12
kommun,0128,,KF,MP,1.61
kommun,0128,,KF,Rönningepartiet,9.06
kommun,0128,,KF,S,23.04
kommun,0128,,KF,SD,10.96
kommun,0128,,KF,V,4.7
kommun,0136,,KF,C,5.73
kommun,0136,,KF,KD,4.55
kommun,0136,,KF,L,4.63
kommun,0136,,KF,M,23.06
kommun,0136,,KF,MP,2.62
kommun,0136,,KF,Rättvisepartiet Socialisterna,2.28
kommun,0136,,KF,S,29.41
kommun,0136,,KF,SD,18.88
kommun,0136,,KF,V,7.74
kommun,0138,,KF,C,4.48
kommun,0138,,KF,KD,3.71
kommun,0138,,KF,L,6.53
kommun,0138,,KF,M,28.33
kommun,0138,,KF,MP,4.74
kommun,0138,,KF,S,32.2
kommun,0138,,KF,SD,13.89
kommun,0138,,KF,V,5.46
kommun,0139,,KF,C,5.09
kommun,0139,,KF,KD,5.84
kommun,0139,,KF,L,5.35
kommun,0139,,KF,M,25.81
kommun,0139,,KF,MP,2.57
kommun,0139,,KF,S,28.37
kommun,0139,,KF,SD,17.62
kommun,0139,,KF,V,8.24
kommun,0140,,KF,C,4.91
kommun,0140,,KF,KD,2.68
kommun,0140,,KF,L,4.61
kommun,0140,,KF,M,22.36
kommun,0140,,KF,MP,2.2
kommun,0140,,KF,Nykvarnspartiet,16.73
kommun,0140,,KF,S,24.45
kommun,0140,,KF,SD,19.85
kommun,0140,,KF,V,1.86
kommun,0160,,KF,C,8.33
kommun,0160,,KF,KD,5.56
kommun,0160,,KF,L,14.3
kommun,0160,,KF,M,39.52
kommun,0160,,KF,MP,3.81
kommun,0160,,KF,S,17.0
kommun,0160,,KF,SD,8.33
kommun,0160,,KF,V,2.16
kommun,0162,,KF,C,21.8
kommun,0162,,KF,KD,6.62
kommun,0162,,KF,L,11.12
kommun,0162,,KF,M,36.47
kommun,0162,,KF,MP,3.59
kommun,0162,,KF,Medborgerlig Samling,1.67
kommun,0162,,KF,Nya Danderydspartiet,1.29
kommun,0162,,KF,S,9.78
kommun,0162,,KF,SD,5.71
kommun,0162,,KF,V,1.8
kommun,0163,,KF,C,7.21
kommun,0163,,KF,KD,5.4
kommun,0163,,KF,L,8.01
kommun,0163,,KF,M,29.53
kommun,0163,,KF,MP,4.29
kommun,0163,,KF,S,27.68
kommun,0163,,KF,SD,8.62
kommun,0163,,KF,Sollentunapartiet,1.96
kommun,0163,,KF,V,6.13
kommun,0180,,KF,C,6.69
kommun,0180,,KF,Feministiskt initiativ,1.18
kommun,0180,,KF,KD,3.83
kommun,0180,,KF,L,7.98
kommun,0180,,KF,M,18.33
kommun,0180,,KF,MP,6.03
kommun,0180,,KF,Medborgerlig Samling,1.17
kommun,0180,,KF,S,29.43
kommun,0180,,KF,SD,8.03
kommun,0180,,KF,V,15.37
kommun,0181,,KF,C,4.78
kommun,0181,,KF,KD,9.28
kommun,0181,,KF,L,3.77
kommun,0181,,KF,M,18.71
kommun,0181,,KF,MP,4.64
kommun,0181,,KF,Realistpartiet,4.05
kommun,0181,,KF,S,30.44
kommun,0181,,KF,SD,15.7
kommun,0181,,KF,V,7.47
kommun,0182,,KF,C,7.6
kommun,0182,,KF,KD,3.34
kommun,0182,,KF,L,5.54
kommun,0182,,KF,M,31.5
kommun,0182,,KF,MP,5.18
kommun,0182,,KF,Nackalistan,11.21
kommun,0182,,KF,S,21.58
kommun,0182,,KF,SD,7.25
kommun,0182,,KF,V,5.83
kommun,0183,,KF,C,7.05
kommun,0183,,KF,KD,4.12
kommun,0183,,KF,L,7.07
kommun,0183,,KF,M,21.6
kommun,0183,,KF,MP,4.83
kommun,0183,,KF,S,30.79
kommun,0183,,KF,SD,9.84
kommun,0183,,KF,V,13.3
kommun,0184,,KF,C,6.44
kommun,0184,,KF,KD,3.38
kommun,0184,,KF,L,6.72
kommun,0184,,KF,M,26.8
kommun,0184,,KF,MP,4.49
kommun,0184,,KF,S,32.76
kommun,0184,,KF,SD,7.98
kommun,0184,,KF,V,9.51
kommun,0186,,KF,C,14.49
kommun,0186,,KF,KD,5.09
kommun,0186,,KF,L,8.74
kommun,0186,,KF,Lidingöpartiet,16.91
kommun,0186,,KF,M,28.03
kommun,0186,,KF,MP,3.83
kommun,0186,,KF,S,13.18
kommun,0186,,KF,SD,5.46
kommun,0186,,KF,V,3.7
kommun,0187,,KF,C,12.72
kommun,0187,,KF,KD,2.8
kommun,0187,,KF,L,4.75
kommun,0187,,KF,M,25.02
kommun,0187,,KF,MP,2.84
kommun,0187,,KF,S,13.86
kommun,0187,,KF,SD,6.92
kommun,0187,,KF,V,6.47
kommun,0187,,KF,Vaxholmsdemokraterna,4.8
kommun,0187,,KF,Waxholmspartiet - borgerligt alternativ,19.46
kommun,0188,,KF,C,6.92
kommun,0188,,KF,KD,3.65
kommun,0188,,KF,L,6.25
kommun,0188,,KF,M,25.11
kommun,0188,,KF,MP,3.17
kommun,0188,,KF,Roslagens oberoende parti,1.6
kommun,0188,,KF,S,27.76
kommun,0188,,KF,SD,19.19
kommun,0188,,KF,V,5.15
kommun,0191,,KF,C,3.93
kommun,0191,,KF,KD,4.69
kommun,0191,,KF,L,4.33
kommun,0191,,KF,M,30.71
kommun,0191,,KF,MP,3.21
kommun,0191,,KF,S,28.99
kommun,0191,,KF,SD,13.76
kommun,0191,,KF,Sigtunapartiet Samling för Sigtuna,2.51
kommun,0191,,KF,V,6.25
kommun,0192,,KF,C,3.6
kommun,0192,,KF,KD,4.79
kommun,0192,,KF,L,4.24
kommun,0192,,KF,M,21.99
kommun,0192,,KF,MP,4.03
kommun,0192,,KF,Medborgerlig Samling,1.06
kommun,0192,,KF,Pensionärspartiet i Nynäshamns kommun,2.33
kommun,0192,,KF,S,28.31
kommun,0192,,KF,SD,17.8
kommun,0192,,KF,Sorundanet Nynäshamns kommunparti,5.81
kommun,0192,,KF,V,5.75
kommun,0305,,KF,Bålstapartiet,8.16
kommun,0305,,KF,C,5.44
kommun,0305,,KF,HåboDemokraterna,6.27
kommun,0305,,KF,KD,4.37
kommun,0305,,KF,L,3.54
kommun,0305,,KF,M,21.09
kommun,0305,,KF,MP,2.23
kommun,0305,,KF,S,25.4
kommun,0305,,KF,SD,19.4
kommun,0305,,KF,V,3.62
kommun,0319,,KF,C,5.33
kommun,0319,,KF,KD,6.72
kommun,0319,,KF,Kommunens Väl,5.56
kommun,0319,,KF,L,1.6
kommun,0319,,KF,M,19.86
kommun,0319,,KF,MP,2.14
kommun,0319,,KF,S,32.52
kommun,0319,,KF,SD,20.38
kommun,0319,,KF,V,5.61
kommun,0330,,KF,C,5.72
kommun,0330,,KF,KD,11.26
kommun,0330,,KF,Knivsta.Nu,27.51
kommun,0330,,KF,L,3.53
kommun,0330,,KF,M,13.99
kommun,0330,,KF,MP,4.51
kommun,0330,,KF,S,15.34
kommun,0330,,KF,SD,12.57
kommun,0330,,KF,V,5.21
kommun,0331,,KF,C,15.49
kommun,0331,,KF,KD,9.08
kommun,0331,,KF,L,2.51
kommun,0331,,KF,M,13.06
kommun,0331,,KF,MP,2.78
kommun,0331,,KF,S,26.19
kommun,0331,,KF,SD,23.56
kommun,0331,,KF,Tillsammans - partiet för hela Heby kommun,1.16
kommun,0331,,KF,V,5.84
kommun,0360,,KF,C,15.92
kommun,0360,,KF,KD,4.8
kommun,0360,,KF,L,2.29
kommun,0360,,KF,M,13.5
kommun,0360,,KF,MP,2.77
kommun,0360,,KF,S,31.77
kommun,0360,,KF,SD,18.63
kommun,0360,,KF,Tierpslistan,4.46
kommun,0360,,KF,V,5.13
kommun,0380,,KF,C,8.26
kommun,0380,,KF,KD,6.83
kommun,0380,,KF,L,5.77
kommun,0380,,KF,M,17.08
kommun,0380,,KF,MP,6.43
kommun,0380,,KF,S,27.08
kommun,0380,,KF,SD,9.34
kommun,0380,,KF,Utvecklingspartiet demokraterna,2.6
kommun,0380,,KF,V,13.41
kommun,0381,,KF,C,6.93
kommun,0381,,KF,KD,6.21
kommun,0381,,KF,L,2.73
kommun,0381,,KF,M,20.22
kommun,0381,,KF,MP,3.16
kommun,0381,,KF,Nystart Enköping (NE),11.22
kommun,0381,,KF,S,25.8
kommun,0381,,KF,SD,17.72
kommun,0381,,KF,V,5.09
kommun,0382,,KF,C,8.85
kommun,0382,,KF,KD,8.87
kommun,0382,,KF,L,2.44
kommun,0382,,KF,Lokalpartiet BoA,5.85
kommun,0382,,KF,M,19.67
kommun,0382,,KF,MP,1.88
kommun,0382,,KF,S,29.53
kommun,0382,,KF,SD,17.78
kommun,0382,,KF,V,3.96
kommun,0428,,KF,C,6.85
kommun,0428,,KF,KD,4.46
kommun,0428,,KF,L,1.14
kommun,0428,,KF,M,18.34
kommun,0428,,KF,MP,2.46
kommun,0428,,KF,S,33.28
kommun,0428,,KF,SD,22.85
kommun,0428,,KF,V,4.48
kommun,0428,,KF,Vingåkerspartiet - VTL,5.94
kommun,0461,,KF,C,11.96
kommun,0461,,KF,Feministiskt initiativ,1.54
kommun,0461,,KF,KD,2.98
kommun,0461,,KF,L,2.53
kommun,0461,,KF,M,22.79
kommun,0461,,KF,MP,7.87
kommun,0461,,KF,S,24.39
kommun,0461,,KF,SD,15.84
kommun,0461,,KF,V,9.77
kommun,0480,,KF,C,7.32
kommun,0480,,KF,KD,4.58
kommun,0480,,KF,L,3.57
kommun,0480,,KF,M,24.31
kommun,0480,,KF,MP,5.28
kommun,0480,,KF,S,32.35
kommun,0480,,KF,SD,15.5
kommun,0480,,KF,V,6.19
kommun,0481,,KF,C,3.31
kommun,0481,,KF,KD,3.47
kommun,0481,,KF,L,2.14
kommun,0481,,KF,M,32.67
kommun,0481,,KF,MP,1.98
kommun,0481,,KF,S,32.08
kommun,0481,,KF,SD,12.2
kommun,0481,,KF,V,10.94
kommun,0482,,KF,C,10.49
kommun,0482,,KF,KD,4.86
kommun,0482,,KF,L,3.83
kommun,0482,,KF,M,17.08
kommun,0482,,KF,MP,3.3
kommun,0482,,KF,S,29.51
kommun,0482,,KF,SD,21.52
kommun,0482,,KF,V,9.08
kommun,0483,,KF,C,6.55
kommun,0483,,KF,KD,7.35
kommun,0483,,KF,L,3.98
kommun,0483,,KF,M,16.9
kommun,0483,,KF,MP,3.19
kommun,0483,,KF,S,39.89
kommun,0483,,KF,SD,15.87
kommun,0483,,KF,V,5.65
kommun,0484,,KF,C,5.25
kommun,0484,,KF,KD,3.82
kommun,0484,,KF,L,3.71
kommun,0484,,KF,M,17.18
kommun,0484,,KF,MP,2.81
kommun,0484,,KF,S,36.36
kommun,0484,,KF,SD,22.0
kommun,0484,,KF,V,7.38
kommun,0486,,KF,C,5.83
kommun,0486,,KF,KD,4.55
kommun,0486,,KF,L,3.38
kommun,0486,,KF,M,31.05
kommun,0486,,KF,MP,2.25
kommun,0486,,KF,S,24.76
kommun,0486,,KF,SD,16.62
kommun,0486,,KF,Strängnäspartiet,5.01
kommun,0486,,KF,V,5.89
kommun,0488,,KF,C,5.15
kommun,0488,,KF,KD,4.03
kommun,0488,,KF,L,3.32
kommun,0488,,KF,M,43.27
kommun,0488,,KF,MP,3.88
kommun,0488,,KF,S,23.36
kommun,0488,,KF,SD,12.51
kommun,0488,,KF,V,4.29
kommun,0509,,KF,C,7.95
kommun,0509,,KF,Folk & Natur,1.67
kommun,0509,,KF,KD,27.82
kommun,0509,,KF,M,21.77
kommun,0509,,KF,MP,3.78
kommun,0509,,KF,S,19.36
kommun,0509,,KF,SD,15.24
kommun,0512,,KF,C,30.47
kommun,0512,,KF,KD,4.99
kommun,0512,,KF,M,26.8
kommun,0512,,KF,S,22.86
kommun,0512,,KF,SD,9.56
kommun,0512,,KF,V,4.02
kommun,0513,,KF,C,8.96
kommun,0513,,KF,KD,6.86
kommun,0513,,KF,L,2.76
kommun,0513,,KF,Landsbygdspartiet Oberoende,8.36
kommun,0513,,KF,M,20.14
kommun,0513,,KF,MP,2.88
kommun,0513,,KF,S,25.33
kommun,0513,,KF,SD,16.75
kommun,0513,,KF,V,7.83
kommun,0560,,KF,C,11.23
kommun,0560,,KF,KD,5.58
kommun,0560,,KF,M,20.49
kommun,0560,,KF,S,39.59
kommun,0560,,KF,SD,18.43
kommun,0560,,KF,V,2.41
kommun,0561,,KF,C,8.39
kommun,0561,,KF,KD,4.34
kommun,0561,,KF,L,2.68
kommun,0561,,KF,M,20.98
kommun,0561,,KF,MP,2.64
kommun,0561,,KF,S,33.82
kommun,0561,,KF,SD,22.76
kommun,0561,,KF,V,4.18
kommun,0562,,KF,C,6.54
kommun,0562,,KF,KD,5.42
kommun,0562,,KF,L,6.1
kommun,0562,,KF,M,15.53
kommun,0562,,KF,MP,1.16
kommun,0562,,KF,S,34.12
kommun,0562,,KF,SD,22.02
kommun,0562,,KF,V,8.42
kommun,0563,,KF,C,11.43
kommun,0563,,KF,KD,5.02
kommun,0563,,KF,L,1.08
kommun,0563,,KF,Landsbygdspartiet Oberoende,13.07
kommun,0563,,KF,M,20.64
kommun,0563,,KF,S,27.42
kommun,0563,,KF,SD,15.41
kommun,0563,,KF,V,4.95
kommun,0580,,KF,C,6.97
kommun,0580,,KF,KD,5.13
kommun,0580,,KF,L,5.12
kommun,0580,,KF,Linköpingslistan,9.0
kommun,0580,,KF,M,20.22
kommun,0580,,KF,MP,5.84
kommun,0580,,KF,S,28.26
kommun,0580,,KF,SD,12.03
kommun,0580,,KF,V,6.73
kommun,0581,,KF,C,4.84
kommun,0581,,KF,KD,5.86
kommun,0581,,KF,L,4.06
kommun,0581,,KF,M,24.41
kommun,0581,,KF,MP,3.29
kommun,0581,,KF,S,29.09
kommun,0581,,KF,SD,16.56
kommun,0581,,KF,V,8.98
kommun,0582,,KF,C,10.88
kommun,0582,,KF,KD,7.06
kommun,0582,,KF,L,4.65
kommun,0582,,KF,Landsbygdspartiet Oberoende,1.52
kommun,0582,,KF,M,22.61
kommun,0582,,KF,MP,2.93
kommun,0582,,KF,S,19.78
kommun,0582,,KF,SD,19.98
kommun,0582,,KF,Söderköpingsinitiativet,4.24
kommun,0582,,KF,V,6.02
kommun,0583,,KF,C,5.38
kommun,0583,,KF,KD,5.25
kommun,0583,,KF,L,3.68
kommun,0583,,KF,M,25.82
kommun,0583,,KF,MP,2.04
kommun,0583,,KF,S,34.95
kommun,0583,,KF,SD,16.44
kommun,0583,,KF,V,5.85
kommun,0584,,KF,C,4.11
kommun,0584,,KF,KD,2.7
kommun,0584,,KF,Konsensus - För Vadstenas Bästa,22.85
kommun,0584,,KF,M,30.27
kommun,0584,,KF,MP,3.76
kommun,0584,,KF,S,22.06
kommun,0584,,KF,SD,7.98
kommun,0584,,KF,V,5.37
kommun,0586,,KF,C,6.54
kommun,0586,,KF,KD,5.87
kommun,0586,,KF,L,8.24
kommun,0586,,KF,M,20.03
kommun,0586,,KF,MP,2.07
kommun,0586,,KF,S,31.7
kommun,0586,,KF,SD,19.39
kommun,0586,,KF,V,5.86
kommun,0604,,KF,C,19.45
kommun,0604,,KF,KD,11.64
kommun,0604,,KF,Kristna Värdepartiet,1.77
kommun,0604,,KF,L,4.44
kommun,0604,,KF,M,18.73
kommun,0604,,KF,S,22.01
kommun,0604,,KF,SD,17.48
kommun,0604,,KF,V,4.24
kommun,0617,,KF,C,14.01
kommun,0617,,KF,KD,16.35
kommun,0617,,KF,M,22.78
kommun,0617,,KF,S,24.5
kommun,0617,,KF,SD,16.98
kommun,0617,,KF,V,3.77
kommun,0642,,KF,C,3.36
kommun,0642,,KF,KD,17.88
kommun,0642,,KF,L,2.48
kommun,0642,,KF,M,23.91
kommun,0642,,KF,MP,3.9
kommun,0642,,KF,S,24.2
kommun,0642,,KF,SD,17.72
kommun,0642,,KF,V,5.76
kommun,0643,,KF,C,6.49
kommun,0643,,KF,Habodemokraterna,4.06
kommun,0643,,KF,KD,13.25
kommun,0643,,KF,L,4.86
kommun,0643,,KF,M,25.73
kommun,0643,,KF,MP,2.1
kommun,0643,,KF,S,26.07
kommun,0643,,KF,SD,14.06
kommun,0643,,KF,V,3.17
kommun,0662,,KF,C,7.95
kommun,0662,,KF,KD,3.95
kommun,0662,,KF,Kommunistiska Partiet,1.56
kommun,0662,,KF,L,2.93
kommun,0662,,KF,M,16.85
kommun,0662,,KF,Medborgarpartiet i Gislaved,18.51
kommun,0662,,KF,S,19.46
kommun,0662,,KF,SD,13.97
kommun,0662,,KF,V,3.15
kommun,0662,,KF,Westbopartiet,10.65
kommun,0665,,KF,C,9.75
kommun,0665,,KF,EMPA(R)TIET,4.95
kommun,0665,,KF,KD,10.42
kommun,0665,,KF,L,5.48
kommun,0665,,KF,M,17.98
kommun,0665,,KF,MP,1.54
kommun,0665,,KF,S,29.92
kommun,0665,,KF,SD,16.18
kommun,0665,,KF,V,3.09
kommun,0680,,KF,C,8.41
kommun,0680,,KF,KD,14.48
kommun,0680,,KF,L,4.09
kommun,0680,,KF,M,17.78
kommun,0680,,KF,MP,3.57
kommun,0680,,KF,S,28.85
kommun,0680,,KF,SD,15.27
kommun,0680,,KF,V,6.22
kommun,0682,,KF,C,6.04
kommun,0682,,KF,KD,10.98
kommun,0682,,KF,L,5.71
kommun,0682,,KF,M,12.91
kommun,0682,,KF,MP,2.34
kommun,0682,,KF,S,25.66
kommun,0682,,KF,SAFE - Solidaritet Arbete Fred Ekologi,4.66
kommun,0682,,KF,SD,27.4
kommun,0682,,KF,V,3.94
kommun,0683,,KF,C,16.39
kommun,0683,,KF,KD,10.34
kommun,0683,,KF,L,2.98
kommun,0683,,KF,M,20.61
kommun,0683,,KF,MP,1.89
kommun,0683,,KF,S,26.84
kommun,0683,,KF,SD,16.7
kommun,0683,,KF,V,4.02
kommun,0684,,KF,C,7.52
kommun,0684,,KF,KD,31.32
kommun,0684,,KF,M,21.78
kommun,0684,,KF,S,20.75
kommun,0684,,KF,SD,14.16
kommun,0684,,KF,V,2.76
kommun,0685,,KF,C,8.02
kommun,0685,,KF,KD,9.6
kommun,0685,,KF,L,2.32
kommun,0685,,KF,M,13.68
kommun,0685,,KF,S,24.42
kommun,0685,,KF,SD,14.09
kommun,0685,,KF,V,3.02
kommun,0685,,KF,Vetlanda framåtanda,22.76
kommun,0686,,KF,C,16.32
kommun,0686,,KF,KD,6.99
kommun,0686,,KF,L,3.63
kommun,0686,,KF,M,20.3
kommun,0686,,KF,MP,2.32
kommun,0686,,KF,S,29.95
kommun,0686,,KF,SD,15.65
kommun,0686,,KF,V,4.55
kommun,0687,,KF,C,7.27
kommun,0687,,KF,KD,6.44
kommun,0687,,KF,L,3.27
kommun,0687,,KF,M,21.01
kommun,0687,,KF,MP,4.15
kommun,0687,,KF,S,33.27
kommun,0687,,KF,SD,20.81
kommun,0687,,KF,V,3.26
kommun,0760,,KF,C,11.85
kommun,0760,,KF,KD,6.64
kommun,0760,,KF,L,1.06
kommun,0760,,KF,Landsbygdspartiet Oberoende,5.75
kommun,0760,,KF,M,16.34
kommun,0760,,KF,S,24.87
kommun,0760,,KF,SD,25.41
kommun,0760,,KF,V,7.34
kommun,0761,,KF,C,8.42
kommun,0761,,KF,KD,7.8
kommun,0761,,KF,M,23.66
kommun,0761,,KF,MP,1.5
kommun,0761,,KF,S,35.21
kommun,0761,,KF,SD,15.17
kommun,0761,,KF,V,7.58
kommun,0763,,KF,C,12.73
kommun,0763,,KF,KD,7.87
kommun,0763,,KF,M,17.64
kommun,0763,,KF,S,30.14
kommun,0763,,KF,SD,25.05
kommun,0763,,KF,V,4.51
kommun,0764,,KF,Alvesta Alternativet,10.71
kommun,0764,,KF,C,11.16
kommun,0764,,KF,KD,5.26
kommun,0764,,KF,L,1.98
kommun,0764,,KF,M,19.81
kommun,0764,,KF,MP,1.78
kommun,0764,,KF,S,27.09
kommun,0764,,KF,SD,16.24
kommun,0764,,KF,V,4.29
kommun,0765,,KF,C,15.36
kommun,0765,,KF,KD,4.71
kommun,0765,,KF,L,1.87
kommun,0765,,KF,M,21.88
kommun,0765,,KF,MP,2.16
kommun,0765,,KF,S,35.09
kommun,0765,,KF,SD,13.48
kommun,0765,,KF,V,4.82
kommun,0767,,KF,C,4.58
kommun,0767,,KF,KD,37.75
kommun,0767,,KF,M,8.35
kommun,0767,,KF,S,24.69
kommun,0767,,KF,SD,20.24
kommun,0767,,KF,V,2.67
kommun,0780,,KF,C,5.63
kommun,0780,,KF,KD,5.23
kommun,0780,,KF,L,3.62
kommun,0780,,KF,M,27.3
kommun,0780,,KF,MP,3.14
kommun,0780,,KF,S,34.9
kommun,0780,,KF,SD,11.1
kommun,0780,,KF,V,8.19
kommun,0781,,KF,Alternativet,2.75
kommun,0781,,KF,C,8.72
kommun,0781,,KF,KD,6.78
kommun,0781,,KF,M,28.35
kommun,0781,,KF,MP,2.15
kommun,0781,,KF,S,25.08
kommun,0781,,KF,SD,19.38
kommun,0781,,KF,V,5.46
kommun,0821,,KF,C,16.13
kommun,0821,,KF,KD,15.64
kommun,0821,,KF,M,10.97
kommun,0821,,KF,S,30.54
kommun,0821,,KF,SD,21.68
kommun,0821,,KF,V,3.7
kommun,0834,,KF,C,17.34
kommun,0834,,KF,KD,4.53
kommun,0834,,KF,L,3.5
kommun,0834,,KF,M,10.2
kommun,0834,,KF,MP,2.42
kommun,0834,,KF,S,28.82
kommun,0834,,KF,SD,28.53
kommun,0834,,KF,V,4.4
kommun,0840,,KF,C,13.18
kommun,0840,,KF,KD,5.82
kommun,0840,,KF,L,2.76
kommun,0840,,KF,M,25.15
kommun,0840,,KF,MP,1.46
kommun,0840,,KF,S,31.94
kommun,0840,,KF,SD,13.3
kommun,0840,,KF,V,5.64
kommun,0860,,KF,C,31.95
kommun,0860,,KF,KD,13.8
kommun,0860,,KF,M,8.13
kommun,0860,,KF,S,24.65
kommun,0860,,KF,SD,13.58
kommun,0860,,KF,V,6.34
kommun,0861,,KF,C,24.43
kommun,0861,,KF,KD,8.72
kommun,0861,,KF,L,2.29
kommun,0861,,KF,M,7.18
kommun,0861,,KF,S,34.29
kommun,0861,,KF,SD,18.87
kommun,0861,,KF,V,3.39
kommun,0862,,KF,Bästa Alternativet,1.39
kommun,0862,,KF,C,18.93
kommun,0862,,KF,KD,4.63
kommun,0862,,KF,L,1.05
kommun,0862,,KF,M,16.26
kommun,0862,,KF,MP,2.03
kommun,0862,,KF,S,33.03
kommun,0862,,KF,SD,18.27
kommun,0862,,KF,V,4.31
kommun,0880,,KF,C,5.91
kommun,0880,,KF,Framtid Kalmar,1.36
kommun,0880,,KF,KD,6.34
kommun,0880,,KF,L,3.57
kommun,0880,,KF,M,21.06
kommun,0880,,KF,MP,3.83
kommun,0880,,KF,S,38.19
kommun,0880,,KF,SD,12.69
kommun,0880,,KF,V,6.69
kommun,0881,,KF,C,16.8
kommun,0881,,KF,KD,6.17
kommun,0881,,KF,Kommunistiska Partiet,1.28
kommun,0881,,KF,L,2.5
kommun,0881,,KF,M,15.28
kommun,0881,,KF,S,31.12
kommun,0881,,KF,SD,19.52
kommun,0881,,KF,V,5.83
kommun,0882,,KF,C,3.79
kommun,0882,,KF,KD,6.72
kommun,0882,,KF,KUSTLANDSPARTIET,4.45
kommun,0882,,KF,L,2.41
kommun,0882,,KF,M,19.52
kommun,0882,,KF,S,32.19
kommun,0882,,KF,SD,22.83
kommun,0882,,KF,V,7.27
kommun,0883,,KF,C,7.27
kommun,0883,,KF,KD,4.89
kommun,0883,,KF,L,3.08
kommun,0883,,KF,M,23.36
kommun,0883,,KF,MP,2.33
kommun,0883,,KF,S,32.02
kommun,0883,,KF,SD,15.05
kommun,0883,,KF,Socialisterna-Välfärdspartiet,3.58
kommun,0883,,KF,V,4.58
kommun,0883,,KF,Westerwikspartiet,3.19
kommun,0884,,KF,C,15.64
kommun,0884,,KF,KD,9.64
kommun,0884,,KF,Landsbygdspartiet Oberoende,1.38
kommun,0884,,KF,M,19.9
kommun,0884,,KF,MP,1.58
kommun,0884,,KF,S,26.51
kommun,0884,,KF,SD,13.94
kommun,0884,,KF,V,10.9
kommun,0885,,KF,C,9.31
kommun,0885,,KF,Framtid Öland,7.49
kommun,0885,,KF,KD,4.14
kommun,0885,,KF,L,1.14
kommun,0885,,KF,M,15.58
kommun,0885,,KF,S,43.33
kommun,0885,,KF,SD,12.01
kommun,0885,,KF,V,4.17
kommun,0885,,KF,Ölandspartiet,1.73
kommun,0980,,KF,C,18.54
kommun,0980,,KF,KD,2.93
kommun,0980,,KF,L,2.59
kommun,0980,,KF,M,18.1
kommun,0980,,KF,MP,5.37
kommun,0980,,KF,S,31.25
kommun,0980,,KF,SD,10.52
kommun,0980,,KF,Socialisterna-Välfärdspartiet,1.08
kommun,0980,,KF,V,8.75
kommun,1060,,KF,C,11.56
kommun,1060,,KF,KD,4.61
kommun,1060,,KF,M,11.3
kommun,1060,,KF,S,38.0
kommun,1060,,KF,SD,26.51
kommun,1060,,KF,V,5.02
kommun,1080,,KF,C,5.84
kommun,1080,,KF,KD,7.34
kommun,1080,,KF,L,3.68
kommun,1080,,KF,M,20.5
kommun,1080,,KF,MP,2.78
kommun,1080,,KF,S,32.62
kommun,1080,,KF,SD,21.26
kommun,1080,,KF,V,5.67
kommun,1081,,KF,C,6.17
kommun,1081,,KF,KD,3.65
kommun,1081,,KF,L,4.81
kommun,1081,,KF,M,17.21
kommun,1081,,KF,MP,2.19
kommun,1081,,KF,Ronnebypartiet,2.58
kommun,1081,,KF,S,30.78
kommun,1081,,KF,SD,26.32
kommun,1081,,KF,V,5.04
kommun,1082,,KF,C,7.78
kommun,1082,,KF,KD,3.9
kommun,1082,,KF,L,3.09
kommun,1082,,KF,M,25.24
kommun,1082,,KF,MP,4.39
kommun,1082,,KF,Medborgerlig Samling,3.27
kommun,1082,,KF,S,25.07
kommun,1082,,KF,SD,21.58
kommun,1082,,KF,V,5.46
kommun,1083,,KF,C,2.95
kommun,1083,,KF,KD,3.31
kommun,1083,,KF,L,1.65
kommun,1083,,KF,M,15.07
kommun,1083,,KF,Medborgerlig Samling,1.21
kommun,1083,,KF,S,28.62
kommun,1083,,KF,SD,38.87
kommun,1083,,KF,SoL-partiet Sölvesborg och Lister,2.4
kommun,1083,,KF,V,5.06
kommun,1214,,KF,C,12.15
kommun,1214,,KF,KD,4.87
kommun,1214,,KF,L,4.36
kommun,1214,,KF,M,12.12
kommun,1214,,KF,MP,1.35
kommun,1214,,KF,S,23.01
kommun,1214,,KF,SD,35.41
kommun,1214,,KF,V,5.66
kommun,1230,,KF,C,4.35
kommun,1230,,KF,KD,2.42
kommun,1230,,KF,L,6.11
kommun,1230,,KF,M,44.38
kommun,1230,,KF,MP,3.41
kommun,1230,,KF,S,25.54
kommun,1230,,KF,SD,10.26
kommun,1230,,KF,V,2.97
kommun,1231,,KF,C,5.23
kommun,1231,,KF,KD,1.75
kommun,1231,,KF,L,4.5
kommun,1231,,KF,M,20.41
kommun,1231,,KF,MP,3.68
kommun,1231,,KF,Partiet Nyans,1.02
kommun,1231,,KF,S,32.79
kommun,1231,,KF,SD,21.57
kommun,1231,,KF,V,7.66
kommun,1233,,KF,C,5.83
kommun,1233,,KF,KD,5.44
kommun,1233,,KF,L,16.96
kommun,1233,,KF,M,42.18
kommun,1233,,KF,MP,3.89
kommun,1233,,KF,S,8.51
kommun,1233,,KF,SD,15.63
kommun,1256,,KF,C,3.99
kommun,1256,,KF,KD,3.6
kommun,1256,,KF,M,46.42
kommun,1256,,KF,Mitt Göinge,2.0
kommun,1256,,KF,S,19.32
kommun,1256,,KF,SD,20.2
kommun,1256,,KF,V,2.78
kommun,1257,,KF,C,8.09
kommun,1257,,KF,KD,13.06
kommun,1257,,KF,L,1.36
kommun,1257,,KF,M,18.35
kommun,1257,,KF,MP,1.96
kommun,1257,,KF,S,20.15
kommun,1257,,KF,SD,34.99
kommun,1257,,KF,V,1.22
kommun,1260,,KF,C,3.48
kommun,1260,,KF,KD,3.82
kommun,1260,,KF,L,1.61
kommun,1260,,KF,M,14.7
kommun,1260,,KF,S,31.52
kommun,1260,,KF,SD,38.92
kommun,1260,,KF,V,3.56
kommun,1261,,KF,C,6.36
kommun,1261,,KF,KD,2.98
kommun,1261,,KF,L,5.53
kommun,1261,,KF,Löddebygden,5.26
kommun,1261,,KF,M,32.06
kommun,1261,,KF,MP,3.61
kommun,1261,,KF,S,22.85
kommun,1261,,KF,SD,18.88
kommun,1261,,KF,V,2.29
kommun,1262,,KF,C,3.76
kommun,1262,,KF,Fokus Bjärred,11.59
kommun,1262,,KF,KD,2.72
kommun,1262,,KF,L,6.31
kommun,1262,,KF,M,41.35
kommun,1262,,KF,MP,3.47
kommun,1262,,KF,S,18.6
kommun,1262,,KF,SD,10.08
kommun,1262,,KF,V,1.79
kommun,1263,,KF,BARAPARTIET,3.37
kommun,1263,,KF,C,4.45
kommun,1263,,KF,KD,3.67
kommun,1263,,KF,L,2.16
kommun,1263,,KF,M,24.75
kommun,1263,,KF,MP,2.74
kommun,1263,,KF,S,22.99
kommun,1263,,KF,SD,27.17
kommun,1263,,KF,V,2.34
kommun,1263,,KF,Älska Svedala,5.85
kommun,1264,,KF,C,5.94
kommun,1264,,KF,KD,3.4
kommun,1264,,KF,Kommunens Väl,3.31
kommun,1264,,KF,L,3.15
kommun,1264,,KF,M,28.56
kommun,1264,,KF,S,23.65
kommun,1264,,KF,SD,24.26
kommun,1264,,KF,V,5.79
kommun,1265,,KF,C,6.17
kommun,1265,,KF,KD,9.5
kommun,1265,,KF,L,2.74
kommun,1265,,KF,M,23.06
kommun,1265,,KF,MP,2.35
kommun,1265,,KF,S,16.62
kommun,1265,,KF,SD,34.57
kommun,1265,,KF,V,4.12
kommun,1266,,KF,C,9.45
kommun,1266,,KF,KD,5.03
kommun,1266,,KF,L,6.51
kommun,1266,,KF,M,12.17
kommun,1266,,KF,MP,1.83
kommun,1266,,KF,S,17.73
kommun,1266,,KF,SD,39.32
kommun,1266,,KF,Sveriges Pensionärers Intresseparti,3.24
kommun,1266,,KF,V,3.75
kommun,1267,,KF,C,5.89
kommun,1267,,KF,KD,4.52
kommun,1267,,KF,L,4.14
kommun,1267,,KF,M,26.64
kommun,1267,,KF,MP,5.53
kommun,1267,,KF,Medborgerlig Samling,5.06
kommun,1267,,KF,S,18.95
kommun,1267,,KF,SD,21.87
kommun,1267,,KF,V,6.89
kommun,1270,,KF,C,13.44
kommun,1270,,KF,KD,3.18
kommun,1270,,KF,L,2.03
kommun,1270,,KF,M,20.89
kommun,1270,,KF,MP,2.94
kommun,1270,,KF,S,22.48
kommun,1270,,KF,SD,30.15
kommun,1270,,KF,V,4.5
kommun,1272,,KF,Alternativet,8.14
kommun,1272,,KF,C,2.15
kommun,1272,,KF,KD,3.49
kommun,1272,,KF,L,3.73
kommun,1272,,KF,M,20.71
kommun,1272,,KF,MP,1.44
kommun,1272,,KF,S,29.3
kommun,1272,,KF,SD,26.55
kommun,1272,,KF,V,4.13
kommun,1273,,KF,C,25.08
kommun,1273,,KF,KD,5.42
kommun,1273,,KF,L,1.34
kommun,1273,,KF,M,12.07
kommun,1273,,KF,S,25.77
kommun,1273,,KF,SD,26.18
kommun,1273,,KF,V,2.98
kommun,1275,,KF,C,6.93
kommun,1275,,KF,KD,2.6
kommun,1275,,KF,M,8.77
kommun,1275,,KF,MP,1.71
kommun,1275,,KF,Perstorps Framtid,13.69
kommun,1275,,KF,S,20.9
kommun,1275,,KF,SD,18.91
kommun,1275,,KF,V,3.92
kommun,1275,,KF,Vi i Perstorp,21.71
kommun,1276,,KF,C,5.72
kommun,1276,,KF,KD,5.71
kommun,1276,,KF,L,3.03
kommun,1276,,KF,M,16.56
kommun,1276,,KF,MP,1.89
kommun,1276,,KF,S,23.98
kommun,1276,,KF,SD,34.32
kommun,1276,,KF,V,3.14
kommun,1276,,KF,VÅR FRAMTID - KLIPPAN,4.76
kommun,1277,,KF,C,4.21
kommun,1277,,KF,KD,3.96
kommun,1277,,KF,L,3.65
kommun,1277,,KF,M,20.55
kommun,1277,,KF,Medborgerlig Samling,1.18
kommun,1277,,KF,S,29.52
kommun,1277,,KF,SD,32.29
kommun,1277,,KF,V,3.55
kommun,1278,,KF,Bjärepartiet,11.56
kommun,1278,,KF,C,8.14
kommun,1278,,KF,KD,3.3
kommun,1278,,KF,L,7.83
kommun,1278,,KF,M,32.13
kommun,1278,,KF,MP,3.95
kommun,1278,,KF,S,17.11
kommun,1278,,KF,SD,14.48
kommun,1278,,KF,V,1.19
kommun,1280,,KF,C,3.78
kommun,1280,,KF,KD,2.19
kommun,1280,,KF,L,4.86
kommun,1280,,KF,M,19.41
kommun,1280,,KF,MP,5.48
kommun,1280,,KF,Partiet Nyans,2.88
kommun,1280,,KF,S,30.7
kommun,1280,,KF,SD,14.94
kommun,1280,,KF,V,13.62
kommun,1281,,KF,C,5.21
kommun,1281,,KF,FörNyaLund,6.38
kommun,1281,,KF,KD,2.26
kommun,1281,,KF,L,17.45
kommun,1281,,KF,M,13.64
kommun,1281,,KF,MP,9.15
kommun,1281,,KF,S,24.04
kommun,1281,,KF,SD,8.65
kommun,1281,,KF,V,10.97
kommun,1282,,KF,C,1.81
kommun,1282,,KF,KD,1.21
kommun,1282,,KF,L,37.78
kommun,1282,,KF,M,7.05
kommun,1282,,KF,MP,3.22
kommun,1282,,KF,Partiet Nyans,2.49
kommun,1282,,KF,S,23.06
kommun,1282,,KF,SD,18.51
kommun,1282,,KF,V,4.33
kommun,1283,,KF,C,3.86
kommun,1283,,KF,KD,4.15
kommun,1283,,KF,L,5.06
kommun,1283,,KF,M,23.68
kommun,1283,,KF,MP,3.16
kommun,1283,,KF,Partiet Nyans,1.08
kommun,1283,,KF,S,31.2
kommun,1283,,KF,SD,21.47
kommun,1283,,KF,V,5.43
kommun,1284,,KF,C,6.04
kommun,1284,,KF,KD,4.13
kommun,1284,,KF,L,8.59
kommun,1284,,KF,M,36.42
kommun,1284,,KF,MP,6.29
kommun,1284,,KF,Medborgerlig Samling,1.22
kommun,1284,,KF,S,20.19
kommun,1284,,KF,SD,14.04
kommun,1284,,KF,V,2.69
kommun,1285,,KF,C,6.3
kommun,1285,,KF,KD,4.21
kommun,1285,,KF,L,3.66
kommun,1285,,KF,M,18.13
kommun,1285,,KF,MP,2.23
kommun,1285,,KF,S,29.67
kommun,1285,,KF,SD,29.26
kommun,1285,,KF,V,6.08
kommun,1286,,KF,C,6.09
kommun,1286,,KF,KD,4.61
kommun,1286,,KF,L,4.88
kommun,1286,,KF,M,25.08
kommun,1286,,KF,MP,3.04
kommun,1286,,KF,Medborgerlig Samling,1.22
kommun,1286,,KF,S,31.62
kommun,1286,,KF,SD,18.8
kommun,1286,,KF,V,4.12
kommun,1287,,KF,C,4.6
kommun,1287,,KF,KD,6.72
kommun,1287,,KF,L,3.67
kommun,1287,,KF,M,19.25
kommun,1287,,KF,MP,2.59
kommun,1287,,KF,S,23.68
kommun,1287,,KF,SD,22.39
kommun,1287,,KF,V,3.34
kommun,1287,,KF,Vårt Söderslätt,13.49
kommun,1290,,KF,C,4.5
kommun,1290,,KF,KD,4.9
kommun,1290,,KF,L,11.53
kommun,1290,,KF,M,20.6
kommun,1290,,KF,MP,1.64
kommun,1290,,KF,S,25.37
kommun,1290,,KF,SD,23.98
kommun,1290,,KF,V,5.37
kommun,1291,,KF,C,6.81
kommun,1291,,KF,KD,2.97
kommun,1291,,KF,Klimatinitiativ Simrishamn,2.38
kommun,1291,,KF,L,4.96
kommun,1291,,KF,M,26.94
kommun,1291,,KF,MP,4.52
kommun,1291,,KF,S,23.41
kommun,1291,,KF,SD,18.87
kommun,1291,,KF,V,5.06
kommun,1291,,KF,Österlenpartiet,3.45
kommun,1292,,KF,C,6.03
kommun,1292,,KF,EngelholmsPartiet,3.39
kommun,1292,,KF,KD,5.51
kommun,1292,,KF,L,2.97
kommun,1292,,KF,M,29.88
kommun,1292,,KF,MP,2.83
kommun,1292,,KF,S,27.52
kommun,1292,,KF,SD,18.48
kommun,1292,,KF,V,2.93
kommun,1293,,KF,C,5.7
kommun,1293,,KF,Folkets Väl,5.78
kommun,1293,,KF,KD,5.94
kommun,1293,,KF,L,4.25
kommun,1293,,KF,M,16.58
kommun,1293,,KF,MP,2.5
kommun,1293,,KF,S,22.67
kommun,1293,,KF,SD,29.89
kommun,1293,,KF,V,5.92
kommun,1315,,KF,C,14.66
kommun,1315,,KF,KD,4.4
kommun,1315,,KF,Kommunens Väl,3.88
kommun,1315,,KF,L,3.96
kommun,1315,,KF,M,10.9
kommun,1315,,KF,MP,1.38
kommun,1315,,KF,S,32.06
kommun,1315,,KF,SD,24.05
kommun,1315,,KF,V,4.4
kommun,1380,,KF,C,7.14
kommun,1380,,KF,Halmstads Lokala Parti,3.4
kommun,1380,,KF,Hjärta för Halmstad,5.76
kommun,1380,,KF,KD,6.75
kommun,1380,,KF,L,3.58
kommun,1380,,KF,M,18.18
kommun,1380,,KF,MP,3.12
kommun,1380,,KF,S,30.64
kommun,1380,,KF,SD,14.92
kommun,1380,,KF,V,5.92
kommun,1381,,KF,C,13.95
kommun,1381,,KF,KD,6.32
kommun,1381,,KF,L,4.84
kommun,1381,,KF,Laholmspartiet,3.02
kommun,1381,,KF,M,17.2
kommun,1381,,KF,MP,2.44
kommun,1381,,KF,Medborgerlig Samling,9.34
kommun,1381,,KF,S,19.4
kommun,1381,,KF,SD,19.72
kommun,1381,,KF,V,3.66
kommun,1382,,KF,C,15.98
kommun,1382,,KF,KD,4.8
kommun,1382,,KF,L,3.24
kommun,1382,,KF,M,18.33
kommun,1382,,KF,MP,2.77
kommun,1382,,KF,S,34.39
kommun,1382,,KF,SD,15.96
kommun,1382,,KF,V,4.31
kommun,1383,,KF,C,9.22
kommun,1383,,KF,KD,5.5
kommun,1383,,KF,L,5.79
kommun,1383,,KF,M,21.83
kommun,1383,,KF,MP,1.87
kommun,1383,,KF,S,30.51
kommun,1383,,KF,SD,13.85
kommun,1383,,KF,V,4.58
kommun,1383,,KF,Varbergspartiet,3.04
kommun,1383,,KF,tjugofyrasju,3.23
kommun,1384,,KF,C,9.0
kommun,1384,,KF,KD,5.8
kommun,1384,,KF,Kungsbackaborna,3.6
kommun,1384,,KF,L,6.64
kommun,1384,,KF,M,30.78
kommun,1384,,KF,MP,3.25
kommun,1384,,KF,S,19.38
kommun,1384,,KF,SD,16.33
kommun,1384,,KF,V,3.29
kommun,1401,,KF,C,5.9
kommun,1401,,KF,KD,3.41
kommun,1401,,KF,Kommunpartiet,2.65
kommun,1401,,KF,L,4.75
kommun,1401,,KF,M,23.17
kommun,1401,,KF,MP,5.48
kommun,1401,,KF,Medborgerlig Samling,1.02
kommun,1401,,KF,S,27.91
kommun,1401,,KF,SD,17.28
kommun,1401,,KF,Sportpartiet,3.2
kommun,1401,,KF,V,4.96
kommun,1402,,KF,C,6.8
kommun,1402,,KF,KD,5.55
kommun,1402,,KF,L,5.24
kommun,1402,,KF,M,27.34
kommun,1402,,KF,MP,6.66
kommun,1402,,KF,S,25.3
kommun,1402,,KF,SD,14.14
kommun,1402,,KF,V,8.51
kommun,1407,,KF,Brobyggarpartiet,3.24
kommun,1407,,KF,C,1.84
kommun,1407,,KF,KD,24.73
kommun,1407,,KF,L,6.18
kommun,1407,,KF,M,20.19
kommun,1407,,KF,MP,5.36
kommun,1407,,KF,S,21.0
kommun,1407,,KF,SD,12.74
kommun,1407,,KF,V,4.39
kommun,1415,,KF,C,5.71
kommun,1415,,KF,KD,5.52
kommun,1415,,KF,L,4.71
kommun,1415,,KF,M,24.23
kommun,1415,,KF,MP,3.05
kommun,1415,,KF,S,27.17
kommun,1415,,KF,SD,16.67
kommun,1415,,KF,Stenungsundspartiet,6.58
kommun,1415,,KF,V,5.27
kommun,1419,,KF,C,4.84
kommun,1419,,KF,KD,12.3
kommun,1419,,KF,L,11.38
kommun,1419,,KF,M,14.81
kommun,1419,,KF,MP,3.52
kommun,1419,,KF,S,24.74
kommun,1419,,KF,SD,11.21
kommun,1419,,KF,TJÖRNPARTIET,12.14
kommun,1419,,KF,V,4.41
kommun,1421,,KF,C,11.79
kommun,1421,,KF,Folkviljan Orust,5.92
kommun,1421,,KF,KD,5.56
kommun,1421,,KF,L,5.74
kommun,1421,,KF,M,18.33
kommun,1421,,KF,MP,5.05
kommun,1421,,KF,ORUST FRAMTID,1.31
kommun,1421,,KF,S,24.98
kommun,1421,,KF,SD,14.73
kommun,1421,,KF,V,6.03
kommun,1427,,KF,C,4.92
kommun,1427,,KF,Demokratiresan,17.31
kommun,1427,,KF,KD,3.8
kommun,1427,,KF,L,7.17
kommun,1427,,KF,M,25.45
kommun,1427,,KF,MP,2.44
kommun,1427,,KF,S,27.82
kommun,1427,,KF,SD,8.59
kommun,1427,,KF,V,2.36
kommun,1430,,KF,C,9.3
kommun,1430,,KF,KD,7.59
kommun,1430,,KF,L,2.01
kommun,1430,,KF,M,15.32
kommun,1430,,KF,MP,1.93
kommun,1430,,KF,Munkedals Framtid,1.44
kommun,1430,,KF,S,24.21
kommun,1430,,KF,SD,32.56
kommun,1430,,KF,V,5.38
kommun,1435,,KF,C,14.3
kommun,1435,,KF,KD,4.26
kommun,1435,,KF,L,4.61
kommun,1435,,KF,M,31.49
kommun,1435,,KF,MP,3.29
kommun,1435,,KF,S,22.91
kommun,1435,,KF,SD,13.73
kommun,1435,,KF,V,5.14
kommun,1438,,KF,C,22.28
kommun,1438,,KF,KD,9.93
kommun,1438,,KF,L,2.04
kommun,1438,,KF,M,23.49
kommun,1438,,KF,S,24.29
kommun,1438,,KF,SD,13.77
kommun,1438,,KF,V,3.36
kommun,1439,,KF,C,17.78
kommun,1439,,KF,KD,2.24
kommun,1439,,KF,L,5.12
kommun,1439,,KF,M,10.9
kommun,1439,,KF,S,26.49
kommun,1439,,KF,SD,34.75
kommun,1439,,KF,V,2.0
kommun,1440,,KF,C,5.22
kommun,1440,,KF,FRAMTID I ALE,4.5
kommun,1440,,KF,KD,5.22
kommun,1440,,KF,L,3.16
kommun,1440,,KF,M,20.53
kommun,1440,,KF,MP,2.56
kommun,1440,,KF,S,29.28
kommun,1440,,KF,SD,20.73
kommun,1440,,KF,V,7.72
kommun,1441,,KF,C,6.52
kommun,1441,,KF,KD,7.48
kommun,1441,,KF,L,7.76
kommun,1441,,KF,M,26.59
kommun,1441,,KF,MP,5.48
kommun,1441,,KF,S,23.9
kommun,1441,,KF,SD,14.65
kommun,1441,,KF,V,7.28
kommun,1442,,KF,C,17.2
kommun,1442,,KF,KD,13.17
kommun,1442,,KF,L,3.59
kommun,1442,,KF,M,16.33
kommun,1442,,KF,MP,3.91
kommun,1442,,KF,S,24.79
kommun,1442,,KF,SD,15.29
kommun,1442,,KF,V,4.36
kommun,1443,,KF,C,5.83
kommun,1443,,KF,Folkets Röst,11.52
kommun,1443,,KF,KD,6.0
kommun,1443,,KF,L,3.04
kommun,1443,,KF,M,18.5
kommun,1443,,KF,MP,3.64
kommun,1443,,KF,S,25.49
kommun,1443,,KF,SD,21.23
kommun,1443,,KF,V,4.47
kommun,1444,,KF,C,16.85
kommun,1444,,KF,KD,2.71
kommun,1444,,KF,L,3.94
kommun,1444,,KF,M,34.83
kommun,1444,,KF,MP,3.86
kommun,1444,,KF,S,19.13
kommun,1444,,KF,SD,16.78
kommun,1444,,KF,V,1.64
kommun,1445,,KF,C,6.85
kommun,1445,,KF,KD,2.46
kommun,1445,,KF,M,46.8
kommun,1445,,KF,MP,2.14
kommun,1445,,KF,S,20.81
kommun,1445,,KF,SD,16.34
kommun,1445,,KF,V,3.97
kommun,1446,,KF,C,15.21
kommun,1446,,KF,KD,7.64
kommun,1446,,KF,L,7.22
kommun,1446,,KF,M,21.85
kommun,1446,,KF,S,31.34
kommun,1446,,KF,SD,12.9
kommun,1446,,KF,V,3.08
kommun,1447,,KF,Alternativ för Sverige,1.19
kommun,1447,,KF,C,6.29
kommun,1447,,KF,Feministiskt initiativ,4.27
kommun,1447,,KF,KD,2.09
kommun,1447,,KF,L,3.49
kommun,1447,,KF,M,30.46
kommun,1447,,KF,MP,1.49
kommun,1447,,KF,S,31.98
kommun,1447,,KF,SD,14.08
kommun,1447,,KF,V,4.47
kommun,1452,,KF,C,20.85
kommun,1452,,KF,KD,5.87
kommun,1452,,KF,L,3.07
kommun,1452,,KF,M,16.54
kommun,1452,,KF,MP,2.87
kommun,1452,,KF,S,30.2
kommun,1452,,KF,SD,16.43
kommun,1452,,KF,V,3.89
kommun,1460,,KF,C,9.73
kommun,1460,,KF,KD,3.55
kommun,1460,,KF,L,2.74
kommun,1460,,KF,M,32.0
kommun,1460,,KF,MP,1.2
kommun,1460,,KF,S,31.7
kommun,1460,,KF,SD,14.58
kommun,1460,,KF,V,4.31
kommun,1461,,KF,C,16.13
kommun,1461,,KF,KD,5.73
kommun,1461,,KF,KommunPartiet Mellerud,5.25
kommun,1461,,KF,M,20.44
kommun,1461,,KF,MP,1.2
kommun,1461,,KF,S,24.35
kommun,1461,,KF,SD,21.83
kommun,1461,,KF,V,3.96
kommun,1462,,KF,C,16.32
kommun,1462,,KF,Edetlistan,4.05
kommun,1462,,KF,KD,3.65
kommun,1462,,KF,L,1.61
kommun,1462,,KF,M,12.53
kommun,1462,,KF,S,22.02
kommun,1462,,KF,SD,31.38
kommun,1462,,KF,V,7.25
kommun,1463,,KF,C,11.46
kommun,1463,,KF,KD,7.88
kommun,1463,,KF,L,2.79
kommun,1463,,KF,M,20.07
kommun,1463,,KF,MP,2.57
kommun,1463,,KF,S,29.43
kommun,1463,,KF,SD,18.59
kommun,1463,,KF,V,6.87
kommun,1465,,KF,C,9.72
kommun,1465,,KF,KD,5.86
kommun,1465,,KF,L,3.2
kommun,1465,,KF,Landsbygdspartiet Oberoende,10.73
kommun,1465,,KF,M,18.74
kommun,1465,,KF,MP,2.28
kommun,1465,,KF,S,24.61
kommun,1465,,KF,SD,20.89
kommun,1465,,KF,V,3.8
kommun,1466,,KF,C,19.04
kommun,1466,,KF,KD,8.0
kommun,1466,,KF,L,3.87
kommun,1466,,KF,M,18.09
kommun,1466,,KF,MP,1.92
kommun,1466,,KF,S,22.77
kommun,1466,,KF,SD,18.7
kommun,1466,,KF,V,7.27
kommun,1470,,KF,C,7.85
kommun,1470,,KF,Hela Vara kommuns bästa,10.2
kommun,1470,,KF,KD,2.56
kommun,1470,,KF,L,1.29
kommun,1470,,KF,M,31.75
kommun,1470,,KF,S,23.55
kommun,1470,,KF,SD,17.82
kommun,1470,,KF,V,4.05
kommun,1471,,KF,C,10.35
kommun,1471,,KF,Götenes framtid,14.56
kommun,1471,,KF,KD,5.82
kommun,1471,,KF,L,2.78
kommun,1471,,KF,M,13.21
kommun,1471,,KF,MP,2.3
kommun,1471,,KF,S,29.21
kommun,1471,,KF,SD,14.74
kommun,1471,,KF,V,6.94
kommun,1472,,KF,C,7.57
kommun,1472,,KF,KD,8.76
kommun,1472,,KF,L,7.08
kommun,1472,,KF,M,16.65
kommun,1472,,KF,MP,1.73
kommun,1472,,KF,S,31.37
kommun,1472,,KF,SD,23.02
kommun,1472,,KF,V,3.45
kommun,1473,,KF,C,13.21
kommun,1473,,KF,KD,1.78
kommun,1473,,KF,L,2.59
kommun,1473,,KF,M,27.82
kommun,1473,,KF,S,29.55
kommun,1473,,KF,SD,19.32
kommun,1473,,KF,V,4.72
kommun,1480,,KF,C,4.0
kommun,1480,,KF,Demokraterna,6.14
kommun,1480,,KF,KD,4.15
kommun,1480,,KF,L,5.54
kommun,1480,,KF,M,17.12
kommun,1480,,KF,MP,5.99
kommun,1480,,KF,Partiet Nyans,1.48
kommun,1480,,KF,S,26.44
kommun,1480,,KF,SD,10.75
kommun,1480,,KF,V,15.82
kommun,1481,,KF,C,7.08
kommun,1481,,KF,KD,5.64
kommun,1481,,KF,L,7.83
kommun,1481,,KF,M,21.83
kommun,1481,,KF,MP,5.73
kommun,1481,,KF,S,27.62
kommun,1481,,KF,SD,14.08
kommun,1481,,KF,V,8.78
kommun,1482,,KF,C,5.26
kommun,1482,,KF,KD,6.47
kommun,1482,,KF,L,6.26
kommun,1482,,KF,M,18.79
kommun,1482,,KF,MP,3.15
kommun,1482,,KF,S,28.05
kommun,1482,,KF,SD,18.27
kommun,1482,,KF,Utvecklingspartiet,7.13
kommun,1482,,KF,V,6.03
kommun,1484,,KF,C,4.28
kommun,1484,,KF,KD,1.18
kommun,1484,,KF,Kommunistiska Partiet,5.5
kommun,1484,,KF,L,5.97
kommun,1484,,KF,Lysekilspartiet,15.02
kommun,1484,,KF,M,16.83
kommun,1484,,KF,MP,4.31
kommun,1484,,KF,S,24.94
kommun,1484,,KF,SD,16.54
kommun,1484,,KF,V,5.09
kommun,1485,,KF,C,5.42
kommun,1485,,KF,KD,7.7
kommun,1485,,KF,L,3.31
kommun,1485,,KF,M,16.37
kommun,1485,,KF,MP,3.77
kommun,1485,,KF,S,27.54
kommun,1485,,KF,SD,17.85
kommun,1485,,KF,Uddevallapartiet,10.3
kommun,1485,,KF,V,7.05
kommun,1486,,KF,C,8.92
kommun,1486,,KF,Feministiskt initiativ,4.5
kommun,1486,,KF,KD,7.2
kommun,1486,,KF,L,8.26
kommun,1486,,KF,M,16.0
kommun,1486,,KF,MP,4.6
kommun,1486,,KF,S,27.52
kommun,1486,,KF,SD,17.6
kommun,1486,,KF,V,5.1
kommun,1487,,KF,C,7.32
kommun,1487,,KF,KD,5.72
kommun,1487,,KF,L,3.74
kommun,1487,,KF,M,17.25
kommun,1487,,KF,MP,2.57
kommun,1487,,KF,Medborgarpartiet,5.0
kommun,1487,,KF,S,29.33
kommun,1487,,KF,SD,20.0
kommun,1487,,KF,V,8.59
kommun,1488,,KF,C,5.61
kommun,1488,,KF,KD,3.87
kommun,1488,,KF,L,2.51
kommun,1488,,KF,M,27.38
kommun,1488,,KF,MP,2.63
kommun,1488,,KF,S,34.77
kommun,1488,,KF,SD,15.39
kommun,1488,,KF,V,7.06
kommun,1489,,KF,C,8.97
kommun,1489,,KF,KD,7.74
kommun,1489,,KF,L,7.42
kommun,1489,,KF,M,18.76
kommun,1489,,KF,MP,4.88
kommun,1489,,KF,S,27.05
kommun,1489,,KF,SD,14.3
kommun,1489,,KF,V,9.81
kommun,1490,,KF,C,5.95
kommun,1490,,KF,KD,8.96
kommun,1490,,KF,L,5.29
kommun,1490,,KF,M,19.51
kommun,1490,,KF,MP,3.15
kommun,1490,,KF,S,29.12
kommun,1490,,KF,SD,18.57
kommun,1490,,KF,V,8.09
kommun,1491,,KF,C,14.93
kommun,1491,,KF,KD,5.64
kommun,1491,,KF,L,3.91
kommun,1491,,KF,M,17.88
kommun,1491,,KF,MP,2.83
kommun,1491,,KF,Nya Ulricehamn,15.88
kommun,1491,,KF,S,18.21
kommun,1491,,KF,SD,15.45
kommun,1491,,KF,V,5.07
kommun,1492,,KF,C,10.77
kommun,1492,,KF,KD,6.54
kommun,1492,,KF,L,3.67
kommun,1492,,KF,M,23.07
kommun,1492,,KF,MP,4.64
kommun,1492,,KF,S,24.24
kommun,1492,,KF,SD,21.16
kommun,1492,,KF,V,5.21
kommun,1493,,KF,C,4.9
kommun,1493,,KF,KD,2.92
kommun,1493,,KF,L,1.59
kommun,1493,,KF,M,43.43
kommun,1493,,KF,MP,1.66
kommun,1493,,KF,S,28.45
kommun,1493,,KF,SD,9.96
kommun,1493,,KF,V,6.84
kommun,1494,,KF,C,8.21
kommun,1494,,KF,KD,7.89
kommun,1494,,KF,L,6.78
kommun,1494,,KF,M,20.13
kommun,1494,,KF,MP,3.15
kommun,1494,,KF,S,31.77
kommun,1494,,KF,SD,14.35
kommun,1494,,KF,V,7.5
kommun,1495,,KF,C,7.94
kommun,1495,,KF,KD,6.63
kommun,1495,,KF,L,2.42
kommun,1495,,KF,M,24.5
kommun,1495,,KF,MP,2.54
kommun,1495,,KF,S,30.01
kommun,1495,,KF,SD,19.63
kommun,1495,,KF,V,6.07
kommun,1496,,KF,C,6.53
kommun,1496,,KF,KD,5.33
kommun,1496,,KF,L,3.61
kommun,1496,,KF,M,20.79
kommun,1496,,KF,MP,2.65
kommun,1496,,KF,S,26.28
kommun,1496,,KF,SD,14.49
kommun,1496,,KF,Skövdepartiet,14.48
kommun,1496,,KF,V,5.49
kommun,1497,,KF,C,6.78
kommun,1497,,KF,KD,6.49
kommun,1497,,KF,L,3.94
kommun,1497,,KF,M,36.91
kommun,1497,,KF,S,24.53
kommun,1497,,KF,SD,15.33
kommun,1497,,KF,V,4.75
kommun,1498,,KF,C,4.21
kommun,1498,,KF,KD,5.34
kommun,1498,,KF,L,9.32
kommun,1498,,KF,M,14.07
kommun,1498,,KF,MP,2.17
kommun,1498,,KF,S,31.48
kommun,1498,,KF,SD,13.66
kommun,1498,,KF,V,4.0
kommun,1498,,KF,Vi Tidaholm,15.57
kommun,1499,,KF,C,9.14
kommun,1499,,KF,KD,7.16
kommun,1499,,KF,L,2.72
kommun,1499,,KF,M,22.15
kommun,1499,,KF,MP,2.52
kommun,1499,,KF,S,29.87
kommun,1499,,KF,SD,20.21
kommun,1499,,KF,V,5.81
kommun,1715,,KF,C,12.9
kommun,1715,,KF,KD,3.26
kommun,1715,,KF,L,3.61
kommun,1715,,KF,M,18.37
kommun,1715,,KF,MP,4.9
kommun,1715,,KF,S,32.81
kommun,1715,,KF,SD,20.21
kommun,1715,,KF,V,3.75
kommun,1730,,KF,C,14.7
kommun,1730,,KF,Hela Edas Lista,7.69
kommun,1730,,KF,KD,8.14
kommun,1730,,KF,L,3.22
kommun,1730,,KF,M,14.7
kommun,1730,,KF,S,25.37
kommun,1730,,KF,SD,16.76
kommun,1730,,KF,Sjukvårdspartiet i Värmland,4.34
kommun,1730,,KF,V,4.38
kommun,1737,,KF,C,10.12
kommun,1737,,KF,De Oberoende i Torsby,11.4
kommun,1737,,KF,KD,5.02
kommun,1737,,KF,M,17.81
kommun,1737,,KF,MP,1.27
kommun,1737,,KF,Nordvärmlands kommunparti,2.3
kommun,1737,,KF,S,31.16
kommun,1737,,KF,SD,15.1
kommun,1737,,KF,V,4.99
kommun,1760,,KF,C,10.79
kommun,1760,,KF,KD,3.39
kommun,1760,,KF,M,25.71
kommun,1760,,KF,S,32.06
kommun,1760,,KF,SD,17.8
kommun,1760,,KF,V,8.02
kommun,1761,,KF,C,5.41
kommun,1761,,KF,KD,6.22
kommun,1761,,KF,L,6.4
kommun,1761,,KF,M,23.29
kommun,1761,,KF,MP,5.72
kommun,1761,,KF,S,36.34
kommun,1761,,KF,SD,9.78
kommun,1761,,KF,Sans o Balans,2.07
kommun,1761,,KF,V,4.56
kommun,1762,,KF,C,11.19
kommun,1762,,KF,KD,1.08
kommun,1762,,KF,L,2.51
kommun,1762,,KF,M,2.94
kommun,1762,,KF,S,58.34
kommun,1762,,KF,SD,15.82
kommun,1762,,KF,V,7.0
kommun,1763,,KF,C,7.52
kommun,1763,,KF,KD,5.19
kommun,1763,,KF,Kommunens Bästa,2.81
kommun,1763,,KF,L,2.91
kommun,1763,,KF,M,14.2
kommun,1763,,KF,MP,1.81
kommun,1763,,KF,S,42.32
kommun,1763,,KF,SD,18.29
kommun,1763,,KF,V,4.84
kommun,1764,,KF,C,6.72
kommun,1764,,KF,KD,1.53
kommun,1764,,KF,M,19.13
kommun,1764,,KF,MP,2.05
kommun,1764,,KF,S,46.47
kommun,1764,,KF,SD,18.77
kommun,1764,,KF,V,3.76
kommun,1765,,KF,C,13.44
kommun,1765,,KF,KD,27.4
kommun,1765,,KF,L,3.84
kommun,1765,,KF,M,10.61
kommun,1765,,KF,MP,2.75
kommun,1765,,KF,S,28.36
kommun,1765,,KF,SD,11.74
kommun,1765,,KF,V,1.86
kommun,1766,,KF,C,17.72
kommun,1766,,KF,Hela Sunne,7.34
kommun,1766,,KF,KD,4.36
kommun,1766,,KF,L,6.6
kommun,1766,,KF,M,21.4
kommun,1766,,KF,MP,2.48
kommun,1766,,KF,S,21.36
kommun,1766,,KF,SD,14.97
kommun,1766,,KF,V,3.63
kommun,1780,,KF,C,5.73
kommun,1780,,KF,KD,5.28
kommun,1780,,KF,Karlstadpartiet Livskvalitet,3.42
kommun,1780,,KF,L,5.12
kommun,1780,,KF,M,19.53
kommun,1780,,KF,MP,4.45
kommun,1780,,KF,S,36.56
kommun,1780,,KF,SD,12.81
kommun,1780,,KF,V,6.67
kommun,1781,,KF,C,8.05
kommun,1781,,KF,KD,3.38
kommun,1781,,KF,L,11.84
kommun,1781,,KF,M,16.6
kommun,1781,,KF,MP,2.42
kommun,1781,,KF,S,33.5
kommun,1781,,KF,SD,16.57
kommun,1781,,KF,V,7.4
kommun,1782,,KF,C,3.38
kommun,1782,,KF,L,6.09
kommun,1782,,KF,M,24.23
kommun,1782,,KF,MP,1.06
kommun,1782,,KF,S,40.32
kommun,1782,,KF,SD,18.46
kommun,1782,,KF,V,5.6
kommun,1783,,KF,C,3.8
kommun,1783,,KF,L,1.15
kommun,1783,,KF,M,2.48
kommun,1783,,KF,OBEROENDE REALISTER,41.82
kommun,1783,,KF,S,38.94
kommun,1783,,KF,SD,7.42
kommun,1783,,KF,V,3.32
kommun,1784,,KF,Arvikapartiet,7.12
kommun,1784,,KF,C,6.74
kommun,1784,,KF,KD,4.52
kommun,1784,,KF,L,2.44
kommun,1784,,KF,M,20.11
kommun,1784,,KF,MP,3.06
kommun,1784,,KF,S,36.56
kommun,1784,,KF,SD,13.37
kommun,1784,,KF,V,5.89
kommun,1785,,KF,C,25.01
kommun,1785,,KF,KD,5.75
kommun,1785,,KF,L,2.17
kommun,1785,,KF,M,14.28
kommun,1785,,KF,MP,2.05
kommun,1785,,KF,S,21.49
kommun,1785,,KF,SD,19.27
kommun,1785,,KF,Sjukvårdspartiet i Värmland,5.58
kommun,1785,,KF,V,3.2
kommun,1814,,KF,C,15.48
kommun,1814,,KF,Framtidspartiet i Lekeberg,5.23
kommun,1814,,KF,KD,6.58
kommun,1814,,KF,L,4.48
kommun,1814,,KF,M,28.3
kommun,1814,,KF,MP,2.29
kommun,1814,,KF,S,19.61
kommun,1814,,KF,SD,14.28
kommun,1814,,KF,V,3.42
kommun,1860,,KF,C,25.92
kommun,1860,,KF,KD,16.0
kommun,1860,,KF,M,12.11
kommun,1860,,KF,MP,2.25
kommun,1860,,KF,S,21.67
kommun,1860,,KF,SD,10.79
kommun,1860,,KF,V,10.27
kommun,1861,,KF,C,8.18
kommun,1861,,KF,KD,3.86
kommun,1861,,KF,L,2.8
kommun,1861,,KF,M,18.03
kommun,1861,,KF,MP,2.18
kommun,1861,,KF,S,37.3
kommun,1861,,KF,SD,21.73
kommun,1861,,KF,V,5.6
kommun,1862,,KF,C,6.2
kommun,1862,,KF,KD,4.77
kommun,1862,,KF,M,13.91
kommun,1862,,KF,MP,2.0
kommun,1862,,KF,S,22.6
kommun,1862,,KF,SD,19.04
kommun,1862,,KF,V,30.27
kommun,1863,,KF,C,10.07
kommun,1863,,KF,Grythyttelistan,6.05
kommun,1863,,KF,M,25.45
kommun,1863,,KF,S,28.01
kommun,1863,,KF,SD,16.8
kommun,1863,,KF,V,11.41
kommun,1864,,KF,KD,1.01
kommun,1864,,KF,M,18.86
kommun,1864,,KF,MP,1.05
kommun,1864,,KF,S,41.32
kommun,1864,,KF,SD,28.15
kommun,1864,,KF,V,6.67
kommun,1864,,KF,Volt Sverige,1.15
kommun,1880,,KF,C,7.48
kommun,1880,,KF,KD,5.86
kommun,1880,,KF,L,6.8
kommun,1880,,KF,M,17.01
kommun,1880,,KF,MP,3.72
kommun,1880,,KF,S,30.55
kommun,1880,,KF,SD,10.7
kommun,1880,,KF,V,8.43
kommun,1880,,KF,Örebropartiet,7.92
kommun,1881,,KF,C,8.74
kommun,1881,,KF,KD,4.98
kommun,1881,,KF,L,9.49
kommun,1881,,KF,M,18.12
kommun,1881,,KF,MP,1.8
kommun,1881,,KF,S,33.01
kommun,1881,,KF,SD,18.34
kommun,1881,,KF,V,5.28
kommun,1882,,KF,C,7.44
kommun,1882,,KF,KD,5.06
kommun,1882,,KF,L,2.1
kommun,1882,,KF,Landsbygdspartiet Oberoende,2.13
kommun,1882,,KF,M,23.79
kommun,1882,,KF,MP,2.14
kommun,1882,,KF,S,32.51
kommun,1882,,KF,SD,20.72
kommun,1882,,KF,V,3.96
kommun,1883,,KF,C,3.12
kommun,1883,,KF,KD,3.32
kommun,1883,,KF,L,2.55
kommun,1883,,KF,M,37.06
kommun,1883,,KF,MP,2.93
kommun,1883,,KF,S,32.35
kommun,1883,,KF,SD,12.36
kommun,1883,,KF,V,5.72
kommun,1884,,KF,C,5.76
kommun,1884,,KF,KD,3.12
kommun,1884,,KF,L,1.63
kommun,1884,,KF,Landsbygdspartiet Oberoende,14.01
kommun,1884,,KF,M,15.25
kommun,1884,,KF,MP,3.44
kommun,1884,,KF,Norapartiet,8.95
kommun,1884,,KF,S,29.36
kommun,1884,,KF,SD,11.9
kommun,1884,,KF,V,6.03
kommun,1885,,KF,C,8.29
kommun,1885,,KF,KD,4.34
kommun,1885,,KF,L,3.13
kommun,1885,,KF,Landsbygdspartiet Oberoende,3.88
kommun,1885,,KF,M,19.07
kommun,1885,,KF,MP,2.44
kommun,1885,,KF,S,29.06
kommun,1885,,KF,SD,22.84
kommun,1885,,KF,V,6.68
kommun,1904,,KF,C,3.76
kommun,1904,,KF,KD,1.67
kommun,1904,,KF,L,19.06
kommun,1904,,KF,M,7.24
kommun,1904,,KF,S,35.52
kommun,1904,,KF,SD,23.78
kommun,1904,,KF,V,8.55
kommun,1907,,KF,C,5.73
kommun,1907,,KF,KD,2.74
kommun,1907,,KF,L,1.56
kommun,1907,,KF,M,21.97
kommun,1907,,KF,MP,1.38
kommun,1907,,KF,S,35.39
kommun,1907,,KF,SD,26.05
kommun,1907,,KF,V,5.05
kommun,1960,,KF,C,11.43
kommun,1960,,KF,KD,6.03
kommun,1960,,KF,L,3.78
kommun,1960,,KF,M,16.43
kommun,1960,,KF,MP,1.25
kommun,1960,,KF,S,34.34
kommun,1960,,KF,SD,21.5
kommun,1960,,KF,V,5.02
kommun,1961,,KF,C,5.82
kommun,1961,,KF,KD,4.39
kommun,1961,,KF,L,4.13
kommun,1961,,KF,M,16.35
kommun,1961,,KF,MP,2.06
kommun,1961,,KF,S,37.74
kommun,1961,,KF,SD,21.0
kommun,1961,,KF,V,8.1
kommun,1962,,KF,Demokraterna i Norberg,23.75
kommun,1962,,KF,KD,1.32
kommun,1962,,KF,L,5.5
kommun,1962,,KF,M,11.51
kommun,1962,,KF,Partiet för Norbergs Framtid,6.42
kommun,1962,,KF,S,40.73
kommun,1962,,KF,V,9.45
kommun,1980,,KF,C,6.29
kommun,1980,,KF,KD,4.94
kommun,1980,,KF,L,6.48
kommun,1980,,KF,M,24.69
kommun,1980,,KF,MP,2.88
kommun,1980,,KF,S,30.11
kommun,1980,,KF,SD,14.9
kommun,1980,,KF,V,8.37
kommun,1981,,KF,C,12.18
kommun,1981,,KF,KD,4.11
kommun,1981,,KF,L,2.08
kommun,1981,,KF,M,13.61
kommun,1981,,KF,MP,2.01
kommun,1981,,KF,S,30.11
kommun,1981,,KF,SD,20.13
kommun,1981,,KF,Salas bästa,9.7
kommun,1981,,KF,V,5.72
kommun,1982,,KF,C,2.33
kommun,1982,,KF,KD,1.37
kommun,1982,,KF,L,2.77
kommun,1982,,KF,M,15.84
kommun,1982,,KF,S,27.93
kommun,1982,,KF,SD,22.64
kommun,1982,,KF,V,26.48
kommun,1983,,KF,C,6.74
kommun,1983,,KF,KD,8.36
kommun,1983,,KF,L,2.4
kommun,1983,,KF,M,12.5
kommun,1983,,KF,MP,1.53
kommun,1983,,KF,S,31.0
kommun,1983,,KF,SD,25.88
kommun,1983,,KF,V,8.17
kommun,1983,,KF,Vanligt Folk i Köpings kommun,3.24
kommun,1984,,KF,C,4.84
kommun,1984,,KF,KD,3.82
kommun,1984,,KF,L,4.47
kommun,1984,,KF,M,19.7
kommun,1984,,KF,MP,2.51
kommun,1984,,KF,Omsorgspartiet i Arboga,1.38
kommun,1984,,KF,S,38.39
kommun,1984,,KF,SD,19.67
kommun,1984,,KF,V,5.06
kommun,2021,,KF,C,20.13
kommun,2021,,KF,KD,18.04
kommun,2021,,KF,L,1.55
kommun,2021,,KF,M,18.26
kommun,2021,,KF,S,24.3
kommun,2021,,KF,SD,10.89
kommun,2021,,KF,V,5.99
kommun,2023,,KF,C,4.95
kommun,2023,,KF,L,2.79
kommun,2023,,KF,Landsbygdspartiet Oberoende,11.17
kommun,2023,,KF,M,23.98
kommun,2023,,KF,S,35.98
kommun,2023,,KF,SD,14.29
kommun,2023,,KF,V,5.4
kommun,2026,,KF,C,21.15
kommun,2026,,KF,KD,17.0
kommun,2026,,KF,Kommunal Samling,8.5
kommun,2026,,KF,L,3.04
kommun,2026,,KF,M,10.58
kommun,2026,,KF,MP,2.76
kommun,2026,,KF,S,19.78
kommun,2026,,KF,SD,12.28
kommun,2026,,KF,V,4.31
kommun,2029,,KF,Bygdepartiet,18.84
kommun,2029,,KF,C,13.32
kommun,2029,,KF,KD,7.09
kommun,2029,,KF,L,2.08
kommun,2029,,KF,M,15.82
kommun,2029,,KF,MP,2.96
kommun,2029,,KF,S,18.7
kommun,2029,,KF,SD,9.87
kommun,2029,,KF,V,11.13
kommun,2031,,KF,C,23.47
kommun,2031,,KF,KD,6.86
kommun,2031,,KF,L,1.21
kommun,2031,,KF,M,16.94
kommun,2031,,KF,S,28.34
kommun,2031,,KF,SD,18.26
kommun,2031,,KF,V,3.69
kommun,2034,,KF,C,36.06
kommun,2034,,KF,KD,5.58
kommun,2034,,KF,L,1.41
kommun,2034,,KF,M,9.59
kommun,2034,,KF,MP,3.58
kommun,2034,,KF,S,21.22
kommun,2034,,KF,SD,16.58
kommun,2034,,KF,V,5.68
kommun,2039,,KF,C,25.94
kommun,2039,,KF,KD,1.59
kommun,2039,,KF,Kommunlistan,5.68
kommun,2039,,KF,M,11.5
kommun,2039,,KF,S,27.01
kommun,2039,,KF,SD,20.42
kommun,2039,,KF,Socialisterna-Välfärdspartiet,1.89
kommun,2039,,KF,V,4.0
kommun,2061,,KF,C,5.24
kommun,2061,,KF,KD,1.7
kommun,2061,,KF,L,1.4
kommun,2061,,KF,M,13.67
kommun,2061,,KF,MP,2.17
kommun,2061,,KF,S,55.67
kommun,2061,,KF,SD,15.95
kommun,2061,,KF,V,4.01
kommun,2062,,KF,C,19.84
kommun,2062,,KF,KD,4.85
kommun,2062,,KF,L,1.46
kommun,2062,,KF,M,12.21
kommun,2062,,KF,Morapartiet,18.08
kommun,2062,,KF,S,24.4
kommun,2062,,KF,SD,12.53
kommun,2062,,KF,V,5.59
kommun,2080,,KF,C,11.62
kommun,2080,,KF,KD,6.2
kommun,2080,,KF,L,4.07
kommun,2080,,KF,M,19.81
kommun,2080,,KF,MP,4.12
kommun,2080,,KF,S,32.39
kommun,2080,,KF,SD,12.13
kommun,2080,,KF,V,8.14
kommun,2081,,KF,C,7.51
kommun,2081,,KF,KD,6.02
kommun,2081,,KF,L,4.82
kommun,2081,,KF,M,17.86
kommun,2081,,KF,MP,2.57
kommun,2081,,KF,NyFramtid,1.96
kommun,2081,,KF,S,33.43
kommun,2081,,KF,SD,18.67
kommun,2081,,KF,V,6.6
kommun,2082,,KF,C,15.35
kommun,2082,,KF,KD,5.0
kommun,2082,,KF,L,3.05
kommun,2082,,KF,M,20.96
kommun,2082,,KF,MP,2.09
kommun,2082,,KF,S,34.14
kommun,2082,,KF,SD,14.66
kommun,2082,,KF,V,4.55
kommun,2083,,KF,C,11.23
kommun,2083,,KF,KD,4.1
kommun,2083,,KF,Kommunlistan,10.52
kommun,2083,,KF,L,1.3
kommun,2083,,KF,M,22.02
kommun,2083,,KF,MP,2.31
kommun,2083,,KF,S,25.87
kommun,2083,,KF,SD,16.72
kommun,2083,,KF,V,5.61
kommun,2084,,KF,C,5.9
kommun,2084,,KF,KD,3.79
kommun,2084,,KF,L,1.84
kommun,2084,,KF,M,21.9
kommun,2084,,KF,MP,1.5
kommun,2084,,KF,S,41.73
kommun,2084,,KF,SD,17.67
kommun,2084,,KF,V,4.33
kommun,2085,,KF,C,8.59
kommun,2085,,KF,Dalademokraterna,2.75
kommun,2085,,KF,KD,3.55
kommun,2085,,KF,Kommunistiska Partiet,1.84
kommun,2085,,KF,L,2.85
kommun,2085,,KF,M,21.22
kommun,2085,,KF,MP,3.89
kommun,2085,,KF,S,29.7
kommun,2085,,KF,SD,15.15
kommun,2085,,KF,V,9.01
kommun,2101,,KF,C,11.41
kommun,2101,,KF,KD,2.56
kommun,2101,,KF,M,8.0
kommun,2101,,KF,MP,3.05
kommun,2101,,KF,S,40.43
kommun,2101,,KF,SD,29.72
kommun,2101,,KF,V,4.08
kommun,2104,,KF,C,5.08
kommun,2104,,KF,Hoforspartiet,11.84
kommun,2104,,KF,KD,4.21
kommun,2104,,KF,L,5.0
kommun,2104,,KF,M,14.35
kommun,2104,,KF,S,31.41
kommun,2104,,KF,SD,17.23
kommun,2104,,KF,V,10.07
kommun,2121,,KF,C,20.15
kommun,2121,,KF,KD,15.39
kommun,2121,,KF,L,2.31
kommun,2121,,KF,M,10.33
kommun,2121,,KF,MP,1.68
kommun,2121,,KF,S,28.69
kommun,2121,,KF,SD,17.23
kommun,2121,,KF,V,4.11
kommun,2132,,KF,C,10.57
kommun,2132,,KF,KD,3.95
kommun,2132,,KF,L,2.22
kommun,2132,,KF,M,18.62
kommun,2132,,KF,MP,1.77
kommun,2132,,KF,S,27.86
kommun,2132,,KF,SD,17.85
kommun,2132,,KF,V,8.21
kommun,2132,,KF,nordanstigspartiet.se,8.73
kommun,2161,,KF,C,9.27
kommun,2161,,KF,KD,3.33
kommun,2161,,KF,L,7.53
kommun,2161,,KF,Ljusdalsbygdens parti,9.27
kommun,2161,,KF,M,16.42
kommun,2161,,KF,MP,3.84
kommun,2161,,KF,S,29.22
kommun,2161,,KF,SD,16.02
kommun,2161,,KF,V,4.83
kommun,2180,,KF,C,4.81
kommun,2180,,KF,KD,4.55
kommun,2180,,KF,L,4.04
kommun,2180,,KF,M,21.26
kommun,2180,,KF,MP,3.9
kommun,2180,,KF,PLUS55,1.21
kommun,2180,,KF,S,32.08
kommun,2180,,KF,SD,19.49
kommun,2180,,KF,V,8.1
kommun,2181,,KF,C,6.73
kommun,2181,,KF,KD,3.52
kommun,2181,,KF,L,4.14
kommun,2181,,KF,M,19.07
kommun,2181,,KF,MP,2.24
kommun,2181,,KF,S,34.14
kommun,2181,,KF,SD,22.48
kommun,2181,,KF,V,7.06
kommun,2182,,KF,C,15.77
kommun,2182,,KF,KD,5.99
kommun,2182,,KF,L,2.49
kommun,2182,,KF,M,16.0
kommun,2182,,KF,MP,1.66
kommun,2182,,KF,S,29.51
kommun,2182,,KF,SD,19.46
kommun,2182,,KF,SOS-Ställ Om Sverige  Söderhamnsinitiativet,1.05
kommun,2182,,KF,V,7.06
kommun,2183,,KF,Bollnäspartiet,10.04
kommun,2183,,KF,C,10.66
kommun,2183,,KF,KD,6.09
kommun,2183,,KF,L,3.58
kommun,2183,,KF,M,11.2
kommun,2183,,KF,MP,1.92
kommun,2183,,KF,S,31.31
kommun,2183,,KF,SD,17.04
kommun,2183,,KF,Sjukvårdspartiet Bollnäs,2.5
kommun,2183,,KF,V,5.47
kommun,2184,,KF,C,19.0
kommun,2184,,KF,KD,5.39
kommun,2184,,KF,M,16.94
kommun,2184,,KF,MP,3.25
kommun,2184,,KF,S,29.68
kommun,2184,,KF,SD,14.85
kommun,2184,,KF,V,9.59
kommun,2260,,KF,C,5.11
kommun,2260,,KF,KD,4.39
kommun,2260,,KF,M,10.71
kommun,2260,,KF,S,40.44
kommun,2260,,KF,SD,17.35
kommun,2260,,KF,V,4.6
kommun,2260,,KF,Vår Framtids politiska utskott,16.75
kommun,2262,,KF,C,4.88
kommun,2262,,KF,KD,3.78
kommun,2262,,KF,L,1.93
kommun,2262,,KF,M,11.85
kommun,2262,,KF,MP,1.16
kommun,2262,,KF,S,42.42
kommun,2262,,KF,SD,16.53
kommun,2262,,KF,Timråpartiet,11.49
kommun,2262,,KF,V,5.82
kommun,2280,,KF,C,10.22
kommun,2280,,KF,KD,4.03
kommun,2280,,KF,L,3.15
kommun,2280,,KF,M,16.04
kommun,2280,,KF,MP,6.89
kommun,2280,,KF,S,38.51
kommun,2280,,KF,SD,13.14
kommun,2280,,KF,V,7.76
kommun,2281,,KF,C,6.12
kommun,2281,,KF,KD,6.22
kommun,2281,,KF,L,4.44
kommun,2281,,KF,M,19.09
kommun,2281,,KF,MP,2.62
kommun,2281,,KF,S,39.35
kommun,2281,,KF,SD,14.59
kommun,2281,,KF,V,7.0
kommun,2282,,KF,C,15.33
kommun,2282,,KF,KD,3.9
kommun,2282,,KF,L,1.58
kommun,2282,,KF,M,8.64
kommun,2282,,KF,MP,1.74
kommun,2282,,KF,S,41.74
kommun,2282,,KF,SD,16.54
kommun,2282,,KF,V,10.24
kommun,2283,,KF,C,39.29
kommun,2283,,KF,KD,2.04
kommun,2283,,KF,Landsbygdspartiet Oberoende,3.08
kommun,2283,,KF,M,2.74
kommun,2283,,KF,MP,1.11
kommun,2283,,KF,S,25.76
kommun,2283,,KF,SD,7.81
kommun,2283,,KF,V,7.28
kommun,2283,,KF,Västra Initiativet,10.18
kommun,2284,,KF,C,19.05
kommun,2284,,KF,KD,8.87
kommun,2284,,KF,L,1.48
kommun,2284,,KF,M,15.23
kommun,2284,,KF,MP,1.47
kommun,2284,,KF,S,37.26
kommun,2284,,KF,SD,8.82
kommun,2284,,KF,V,6.6
kommun,2303,,KF,Allt för Ragunda,8.67
kommun,2303,,KF,C,24.3
kommun,2303,,KF,KD,3.52
kommun,2303,,KF,M,6.02
kommun,2303,,KF,S,37.94
kommun,2303,,KF,SD,13.37
kommun,2303,,KF,V,4.43
kommun,2305,,KF,C,22.68
kommun,2305,,KF,Jämtlands Väl Bräcke,5.59
kommun,2305,,KF,KD,2.16
kommun,2305,,KF,M,13.95
kommun,2305,,KF,S,35.8
kommun,2305,,KF,SD,14.18
kommun,2305,,KF,V,4.58
kommun,2309,,KF,C,23.17
kommun,2309,,KF,Jämtlands Väl Krokom,3.38
kommun,2309,,KF,KD,4.82
kommun,2309,,KF,L,1.06
kommun,2309,,KF,M,15.68
kommun,2309,,KF,MP,3.45
kommun,2309,,KF,S,28.91
kommun,2309,,KF,SD,12.48
kommun,2309,,KF,V,6.89
kommun,2313,,KF,C,12.55
kommun,2313,,KF,KD,1.99
kommun,2313,,KF,M,21.57
kommun,2313,,KF,Rättvis Demokrati,3.31
kommun,2313,,KF,S,36.76
kommun,2313,,KF,SD,15.78
kommun,2313,,KF,V,6.04
kommun,2321,,KF,C,16.3
kommun,2321,,KF,KD,2.67
kommun,2321,,KF,M,11.18
kommun,2321,,KF,MP,10.63
kommun,2321,,KF,S,25.94
kommun,2321,,KF,SD,7.39
kommun,2321,,KF,V,4.3
kommun,2321,,KF,Västjämtlands Väl,20.57
kommun,2326,,KF,Bergspartiet,3.48
kommun,2326,,KF,C,10.96
kommun,2326,,KF,KD,1.43
kommun,2326,,KF,M,26.41
kommun,2326,,KF,S,39.66
kommun,2326,,KF,SD,12.9
kommun,2326,,KF,V,3.73
kommun,2361,,KF,C,12.27
kommun,2361,,KF,Folkets röst - VOX humana,8.56
kommun,2361,,KF,Härjedalspartiet,6.42
kommun,2361,,KF,KD,3.07
kommun,2361,,KF,L,7.79
kommun,2361,,KF,M,15.04
kommun,2361,,KF,S,27.63
kommun,2361,,KF,SD,12.13
kommun,2361,,KF,V,5.86
kommun,2380,,KF,C,14.33
kommun,2380,,KF,KD,7.52
kommun,2380,,KF,L,3.17
kommun,2380,,KF,M,15.24
kommun,2380,,KF,MP,4.06
kommun,2380,,KF,S,37.83
kommun,2380,,KF,SD,10.12
kommun,2380,,KF,V,7.12
kommun,2401,,KF,C,31.45
kommun,2401,,KF,KD,6.93
kommun,2401,,KF,L,5.32
kommun,2401,,KF,M,11.49
kommun,2401,,KF,MP,1.41
kommun,2401,,KF,S,26.11
kommun,2401,,KF,SD,8.73
kommun,2401,,KF,V,8.34
kommun,2403,,KF,C,12.12
kommun,2403,,KF,KD,13.85
kommun,2403,,KF,M,27.23
kommun,2403,,KF,S,30.43
kommun,2403,,KF,SD,12.78
kommun,2403,,KF,V,2.33
kommun,2404,,KF,C,15.15
kommun,2404,,KF,KD,8.01
kommun,2404,,KF,M,23.07
kommun,2404,,KF,MP,1.64
kommun,2404,,KF,S,38.95
kommun,2404,,KF,SD,7.51
kommun,2404,,KF,V,4.91
kommun,2409,,KF,C,26.98
kommun,2409,,KF,KD,3.79
kommun,2409,,KF,Kommunistiska Partiet,1.09
kommun,2409,,KF,M,9.9
kommun,2409,,KF,MP,1.67
kommun,2409,,KF,S,42.71
kommun,2409,,KF,SD,7.92
kommun,2409,,KF,V,4.81
kommun,2417,,KF,C,1.11
kommun,2417,,KF,KD,17.35
kommun,2417,,KF,L,6.01
kommun,2417,,KF,M,17.51
kommun,2417,,KF,S,44.97
kommun,2417,,KF,SD,5.73
kommun,2417,,KF,V,7.04
kommun,2418,,KF,KD,1.11
kommun,2418,,KF,L,14.38
kommun,2418,,KF,M,3.23
kommun,2418,,KF,Malålistan,16.0
kommun,2418,,KF,S,28.71
kommun,2418,,KF,SD,5.52
kommun,2418,,KF,V,29.93
kommun,2421,,KF,C,12.6
kommun,2421,,KF,KD,7.41
kommun,2421,,KF,Kommunlistan,3.94
kommun,2421,,KF,L,8.63
kommun,2421,,KF,M,9.49
kommun,2421,,KF,MP,1.11
kommun,2421,,KF,S,28.62
kommun,2421,,KF,SD,11.3
kommun,2421,,KF,V,16.76
kommun,2422,,KF,C,11.66
kommun,2422,,KF,KD,1.45
kommun,2422,,KF,M,14.41
kommun,2422,,KF,S,35.52
kommun,2422,,KF,V,35.86
kommun,2425,,KF,C,14.53
kommun,2425,,KF,KD,3.1
kommun,2425,,KF,L,17.36
kommun,2425,,KF,S,35.95
kommun,2425,,KF,SD,22.04
kommun,2425,,KF,V,5.51
kommun,2460,,KF,C,17.16
kommun,2460,,KF,KD,7.19
kommun,2460,,KF,L,1.7
kommun,2460,,KF,M,14.67
kommun,2460,,KF,MP,4.28
kommun,2460,,KF,S,35.32
kommun,2460,,KF,SD,9.68
kommun,2460,,KF,V,9.81
kommun,2462,,KF,C,11.0
kommun,2462,,KF,KD,22.38
kommun,2462,,KF,M,9.17
kommun,2462,,KF,Politiskt Alternativ,6.59
kommun,2462,,KF,S,27.86
kommun,2462,,KF,SD,10.92
kommun,2462,,KF,V,10.87
kommun,2463,,KF,C,19.99
kommun,2463,,KF,L,8.88
kommun,2463,,KF,M,2.28
kommun,2463,,KF,S,41.27
kommun,2463,,KF,V,6.85
kommun,2463,,KF,Åselepartiet,19.49
kommun,2480,,KF,C,7.94
kommun,2480,,KF,Demokratiska Sekulära Socialister Arbetarpartiet,3.5
kommun,2480,,KF,KD,3.46
kommun,2480,,KF,L,3.77
kommun,2480,,KF,M,17.64
kommun,2480,,KF,MP,6.41
kommun,2480,,KF,S,36.48
kommun,2480,,KF,SD,6.47
kommun,2480,,KF,V,13.28
kommun,2481,,KF,C,4.18
kommun,2481,,KF,KD,30.08
kommun,2481,,KF,L,4.22
kommun,2481,,KF,M,13.66
kommun,2481,,KF,MP,1.33
kommun,2481,,KF,S,35.34
kommun,2481,,KF,SD,5.93
kommun,2481,,KF,V,5.15
kommun,2482,,KF,C,8.9
kommun,2482,,KF,KD,5.48
kommun,2482,,KF,L,2.99
kommun,2482,,KF,M,17.14
kommun,2482,,KF,MP,3.74
kommun,2482,,KF,S,42.78
kommun,2482,,KF,SD,10.1
kommun,2482,,KF,V,8.33
kommun,2505,,KF,C,19.71
kommun,2505,,KF,KD,1.28
kommun,2505,,KF,L,4.5
kommun,2505,,KF,M,5.41
kommun,2505,,KF,S,41.09
kommun,2505,,KF,SD,13.4
kommun,2505,,KF,V,14.33
kommun,2506,,KF,C,7.98
kommun,2506,,KF,Folkinitiativet Arjeplog,28.97
kommun,2506,,KF,L,11.4
kommun,2506,,KF,M,1.02
kommun,2506,,KF,S,40.07
kommun,2506,,KF,V,8.52
kommun,2510,,KF,Framtid i Jokkmokks kommun,19.13
kommun,2510,,KF,L,1.18
kommun,2510,,KF,M,11.57
kommun,2510,,KF,MP,15.35
kommun,2510,,KF,S,28.49
kommun,2510,,KF,SD,7.99
kommun,2510,,KF,Samernas Väl,7.43
kommun,2510,,KF,V,7.82
kommun,2513,,KF,C,19.38
kommun,2513,,KF,M,6.95
kommun,2513,,KF,S,51.3
kommun,2513,,KF,SD,10.92
kommun,2513,,KF,V,9.4
kommun,2514,,KF,C,5.15
kommun,2514,,KF,Framtid i Kalix,2.85
kommun,2514,,KF,Kalixpartiet,1.23
kommun,2514,,KF,L,4.66
kommun,2514,,KF,M,21.97
kommun,2514,,KF,MP,3.62
kommun,2514,,KF,S,42.65
kommun,2514,,KF,SD,10.74
kommun,2514,,KF,Sjukvårdspartiet,1.59
kommun,2514,,KF,V,4.58
kommun,2518,,KF,C,27.72
kommun,2518,,KF,Framtid S Övertorneå,14.95
kommun,2518,,KF,KD,10.39
kommun,2518,,KF,M,1.29
kommun,2518,,KF,S,19.98
kommun,2518,,KF,Sjukvårdspartiet,16.16
kommun,2518,,KF,V,5.64
kommun,2518,,KF,Övertorneås Fria Alternativ,3.42
kommun,2521,,KF,C,5.04
kommun,2521,,KF,Framtid S,18.51
kommun,2521,,KF,KD,13.8
kommun,2521,,KF,M,6.78
kommun,2521,,KF,S,28.03
kommun,2521,,KF,SD,6.64
kommun,2521,,KF,Sjukvårdspartiet,3.4
kommun,2521,,KF,V,16.98
kommun,2523,,KF,M,30.18
kommun,2523,,KF,MP,13.28
kommun,2523,,KF,S,26.93
kommun,2523,,KF,SD,15.42
kommun,2523,,KF,Sjukvårdspartiet,2.09
kommun,2523,,KF,V,10.33
kommun,2560,,KF,C,14.26
kommun,2560,,KF,KD,5.0
kommun,2560,,KF,L,4.71
kommun,2560,,KF,M,19.6
kommun,2560,,KF,S,38.26
kommun,2560,,KF,SD,10.52
kommun,2560,,KF,V,6.88
kommun,2580,,KF,C,6.8
kommun,2580,,KF,KD,6.29
kommun,2580,,KF,L,5.25
kommun,2580,,KF,Landsbygdspartiet Oberoende,1.9
kommun,2580,,KF,M,15.64
kommun,2580,,KF,MP,3.17
kommun,2580,,KF,Rättvisepartiet Socialisterna,3.03
kommun,2580,,KF,S,37.43
kommun,2580,,KF,SD,9.95
kommun,2580,,KF,Sjukvårdspartiet,1.77
kommun,2580,,KF,V,8.51
kommun,2581,,KF,C,9.01
kommun,2581,,KF,KD,3.82
kommun,2581,,KF,L,1.94
kommun,2581,,KF,M,15.94
kommun,2581,,KF,MP,2.15
kommun,2581,,KF,S,42.27
kommun,2581,,KF,SD,9.58
kommun,2581,,KF,Sjukvårdspartiet,2.1
kommun,2581,,KF,Skol och Landsbygdspartiet,3.84
kommun,2581,,KF,V,8.97
kommun,2582,,KF,Aktiv samling - Bodenalternativet,5.81
kommun,2582,,KF,C,5.36
kommun,2582,,KF,KD,2.43
kommun,2582,,KF,L,1.72
kommun,2582,,KF,M,13.93
kommun,2582,,KF,MP,1.85
kommun,2582,,KF,S,48.17
kommun,2582,,KF,SD,13.08
kommun,2582,,KF,Sjukvårdspartiet,2.2
kommun,2582,,KF,V,5.21
kommun,2583,,KF,C,18.03
kommun,2583,,KF,KD,5.22
kommun,2583,,KF,M,11.64
kommun,2583,,KF,S,38.26
kommun,2583,,KF,SD,14.28
kommun,2583,,KF,Sjukvårdspartiet,7.64
kommun,2583,,KF,V,3.74
kommun,2584,,KF,C,9.71
kommun,2584,,KF,Feministiskt initiativ,3.56
kommun,2584,,KF,KD,11.55
kommun,2584,,KF,M,10.77
kommun,2584,,KF,S,40.69
kommun,2584,,KF,SD,5.38
kommun,2584,,KF,Sjukvårdspartiet,4.87
kommun,2584,,KF,Sámelistu/Samelistan Partipolitiskt obunden,4.77
kommun,2584,,KF,V,7.9
region,01,,RF,C,5.85
region,01,,RF,KD,6.61
region,01,,RF,L,6.02
region,01,,RF,M,20.18
region,01,,RF,MP,3.78
region,01,,RF,S,33.0
region,01,,RF,SD,10.72
region,01,,RF,V,11.58
region,03,,RF,C,7.25
region,03,,RF,KD,9.07
region,03,,RF,L,4.55
region,03,,RF,M,16.95
region,03,,RF,MP,4.38
region,03,,RF,S,29.75
region,03,,RF,SD,13.27
region,03,,RF,V,11.66
region,04,,RF,C,4.92
region,04,,RF,KD,5.69
region,04,,RF,L,2.83
region,04,,RF,M,17.83
region,04,,RF,MP,2.43
region,04,,RF,S,30.19
region,04,,RF,SD,16.7
region,04,,RF,V,6.15
region,04,,RF,Vård för Pengarna,12.19
region,05,,RF,C,6.1
region,05,,RF,KD,8.31
region,05,,RF,L,4.56
region,05,,RF,M,21.39
region,05,,RF,MP,3.18
region,05,,RF,S,31.32
region,05,,RF,SD,15.79
region,05,,RF,V,8.32
region,06,,RF,Bevara akutsjukhusen,9.28
region,06,,RF,C,6.96
region,06,,RF,KD,12.04
region,06,,RF,L,3.28
region,06,,RF,M,16.53
region,06,,RF,MP,2.3
region,06,,RF,S,26.24
region,06,,RF,SD,16.74
region,06,,RF,V,5.33
region,07,,RF,C,6.76
region,07,,RF,KD,8.28
region,07,,RF,L,4.25
region,07,,RF,M,21.6
region,07,,RF,MP,2.09
region,07,,RF,S,33.07
region,07,,RF,SD,15.58
region,07,,RF,V,7.59
region,08,,RF,C,8.1
region,08,,RF,KD,11.08
region,08,,RF,L,2.82
region,08,,RF,M,17.61
region,08,,RF,MP,2.14
region,08,,RF,S,34.11
region,08,,RF,SD,16.89
region,08,,RF,V,6.46
region,10,,RF,C,5.68
region,10,,RF,KD,7.07
region,10,,RF,L,2.92
region,10,,RF,M,18.12
region,10,,RF,MP,2.22
region,10,,RF,S,33.74
region,10,,RF,SD,23.85
region,10,,RF,V,5.49
region,12,,RF,C,4.67
region,12,,RF,KD,5.83
region,12,,RF,L,5.23
region,12,,RF,M,21.79
region,12,,RF,MP,3.66
region,12,,RF,S,29.15
region,12,,RF,SD,19.94
region,12,,RF,V,7.58
region,13,,RF,C,8.86
region,13,,RF,KD,8.31
region,13,,RF,L,4.93
region,13,,RF,M,23.23
region,13,,RF,MP,2.65
region,13,,RF,S,28.75
region,13,,RF,SD,16.57
region,13,,RF,V,5.12
region,14,,RF,C,5.94
region,14,,RF,Demokraterna,2.11
region,14,,RF,KD,7.93
region,14,,RF,L,4.78
region,14,,RF,M,18.44
region,14,,RF,MP,3.56
region,14,,RF,S,29.45
region,14,,RF,SD,15.43
region,14,,RF,V,10.04
region,17,,RF,C,6.49
region,17,,RF,KD,7.75
region,17,,RF,L,3.74
region,17,,RF,M,15.92
region,17,,RF,MP,2.64
region,17,,RF,S,36.88
region,17,,RF,SD,15.68
region,17,,RF,Sjukvårdspartiet i Värmland,4.12
region,17,,RF,V,5.85
region,18,,RF,C,6.43
region,18,,RF,KD,6.58
region,18,,RF,L,4.73
region,18,,RF,M,18.47
region,18,,RF,MP,2.95
region,18,,RF,S,32.06
region,18,,RF,SD,14.65
region,18,,RF,V,7.86
region,18,,RF,Örebropartiet,4.46
region,19,,RF,C,5.74
region,19,,RF,KD,7.0
region,19,,RF,L,4.91
region,19,,RF,M,20.41
region,19,,RF,MP,2.05
region,19,,RF,S,32.92
region,19,,RF,SD,18.07
region,19,,RF,V,8.21
region,20,,RF,C,8.1
region,20,,RF,Dalarnas Sjukvårdsparti,5.28
region,20,,RF,KD,7.36
region,20,,RF,L,2.64
region,20,,RF,M,18.55
region,20,,RF,MP,2.47
region,20,,RF,S,32.82
region,20,,RF,SD,15.62
region,20,,RF,V,6.43
region,21,,RF,C,7.48
region,21,,RF,KD,6.2
region,21,,RF,L,2.86
region,21,,RF,M,17.19
region,21,,RF,MP,2.53
region,21,,RF,S,31.98
region,21,,RF,SD,18.66
region,21,,RF,Sjukvårdspartiet Gävleborg,4.8
region,21,,RF,V,7.91
region,22,,RF,C,7.8
region,22,,RF,KD,5.69
region,22,,RF,L,2.19
region,22,,RF,M,12.91
region,22,,RF,MP,1.66
region,22,,RF,S,32.87
region,22,,RF,SD,11.78
region,22,,RF,Sjukvårdspartiet - Västernorrland,18.53
region,22,,RF,V,6.36
region,23,,RF,C,12.62
region,23,,RF,KD,8.76
region,23,,RF,L,2.53
region,23,,RF,M,15.57
region,23,,RF,MP,3.23
region,23,,RF,S,36.95
region,23,,RF,SD,12.45
region,23,,RF,V,7.21
region,24,,RF,C,8.63
region,24,,RF,KD,7.06
region,24,,RF,L,4.38
region,24,,RF,M,16.89
region,24,,RF,MP,3.79
region,24,,RF,S,37.12
region,24,,RF,SD,8.89
region,24,,RF,V,11.87
region,25,,RF,C,5.86
region,25,,RF,KD,5.16
region,25,,RF,L,2.29
region,25,,RF,M,13.63
region,25,,RF,MP,2.46
region,25,,RF,S,41.61
region,25,,RF,SD,11.29
region,25,,RF,Sjukvårdspartiet,8.22
region,25,,RF,V,9.11
riket,00,Riket,RD,C,6.71
riket,00,Riket,RD,KD,5.34
riket,00,Riket,RD,L,4.61
riket,00,Riket,RD,M,19.1
riket,00,Riket,RD,MP,5.08
riket,00,Riket,RD,S,30.33
riket,00,Riket,RD,SD,20.54
riket,00,Riket,RD,V,6.75
valkrets,Blekinge län,Blekinge län,RD,C,4.84
valkrets,Blekinge län,Blekinge län,RD,KD,5.54
valkrets,Blekinge län,Blekinge län,RD,L,3.51
valkrets,Blekinge län,Blekinge län,RD,M,17.86
valkrets,Blekinge län,Blekinge län,RD,MP,2.91
valkrets,Blekinge län,Blekinge län,RD,S,31.14
valkrets,Blekinge län,Blekinge län,RD,SD,28.53
valkrets,Blekinge län,Blekinge län,RD,V,4.44
valkrets,Dalarnas län,Dalarnas län,RD,C,6.5
valkrets,Dalarnas län,Dalarnas län,RD,KD,6.02
valkrets,Dalarnas län,Dalarnas län,RD,L,3.1
valkrets,Dalarnas län,Dalarnas län,RD,M,16.43
valkrets,Dalarnas län,Dalarnas län,RD,MP,3.8
valkrets,Dalarnas län,Dalarnas län,RD,S,31.66
valkrets,Dalarnas län,Dalarnas län,RD,SD,25.69
valkrets,Dalarnas län,Dalarnas län,RD,V,5.33
valkrets,Gotlands län,Gotlands län,RD,C,11.72
valkrets,Gotlands län,Gotlands län,RD,KD,3.97
valkrets,Gotlands län,Gotlands län,RD,L,2.82
valkrets,Gotlands län,Gotlands län,RD,M,16.81
valkrets,Gotlands län,Gotlands län,RD,MP,6.47
valkrets,Gotlands län,Gotlands län,RD,S,34.64
valkrets,Gotlands län,Gotlands län,RD,SD,15.69
valkrets,Gotlands län,Gotlands län,RD,V,6.37
valkrets,Gävleborgs län,Gävleborgs län,RD,C,6.25
valkrets,Gävleborgs län,Gävleborgs län,RD,KD,5.1
valkrets,Gävleborgs län,Gävleborgs län,RD,L,2.99
valkrets,Gävleborgs län,Gävleborgs län,RD,M,16.24
valkrets,Gävleborgs län,Gävleborgs län,RD,MP,3.45
valkrets,Gävleborgs län,Gävleborgs län,RD,S,34.73
valkrets,Gävleborgs län,Gävleborgs län,RD,SD,24.09
valkrets,Gävleborgs län,Gävleborgs län,RD,V,5.91
valkrets,Göteborgs kommun,Göteborgs kommun,RD,C,5.86
valkrets,Göteborgs kommun,Göteborgs kommun,RD,KD,4.37
valkrets,Göteborgs kommun,Göteborgs kommun,RD,L,5.85
valkrets,Göteborgs kommun,Göteborgs kommun,RD,M,18.48
valkrets,Göteborgs kommun,Göteborgs kommun,RD,MP,7.92
valkrets,Göteborgs kommun,Göteborgs kommun,RD,Partiet Nyans,1.14
valkrets,Göteborgs kommun,Göteborgs kommun,RD,S,27.65
valkrets,Göteborgs kommun,Göteborgs kommun,RD,SD,14.66
valkrets,Göteborgs kommun,Göteborgs kommun,RD,V,12.85
valkrets,Hallands län,Hallands län,RD,C,7.03
valkrets,Hallands län,Hallands län,RD,KD,6.01
valkrets,Hallands län,Hallands län,RD,L,4.84
valkrets,Hallands län,Hallands län,RD,M,22.47
valkrets,Hallands län,Hallands län,RD,MP,3.59
valkrets,Hallands län,Hallands län,RD,S,28.27
valkrets,Hallands län,Hallands län,RD,SD,22.58
valkrets,Hallands län,Hallands län,RD,V,4.04
valkrets,Jämtlands län,Jämtlands län,RD,C,9.14
valkrets,Jämtlands län,Jämtlands län,RD,KD,5.38
valkrets,Jämtlands län,Jämtlands län,RD,L,2.64
valkrets,Jämtlands län,Jämtlands län,RD,M,14.79
valkrets,Jämtlands län,Jämtlands län,RD,MP,5.02
valkrets,Jämtlands län,Jämtlands län,RD,S,36.07
valkrets,Jämtlands län,Jämtlands län,RD,SD,20.11
valkrets,Jämtlands län,Jämtlands län,RD,V,5.59
valkrets,Jönköpings län,Jönköpings län,RD,C,7.45
valkrets,Jönköpings län,Jönköpings län,RD,KD,9.31
valkrets,Jönköpings län,Jönköpings län,RD,L,3.7
valkrets,Jönköpings län,Jönköpings län,RD,M,18.73
valkrets,Jönköpings län,Jönköpings län,RD,MP,3.22
valkrets,Jönköpings län,Jönköpings län,RD,S,29.05
valkrets,Jönköpings län,Jönköpings län,RD,SD,23.28
valkrets,Jönköpings län,Jönköpings län,RD,V,3.96
valkrets,Kalmar län,Kalmar län,RD,C,6.53
valkrets,Kalmar län,Kalmar län,RD,KD,6.96
valkrets,Kalmar län,Kalmar län,RD,L,3.18
valkrets,Kalmar län,Kalmar län,RD,M,17.78
valkrets,Kalmar län,Kalmar län,RD,MP,3.37
valkrets,Kalmar län,Kalmar län,RD,S,31.74
valkrets,Kalmar län,Kalmar län,RD,SD,24.5
valkrets,Kalmar län,Kalmar län,RD,V,4.64
valkrets,Kronobergs län,Kronobergs län,RD,C,6.05
valkrets,Kronobergs län,Kronobergs län,RD,KD,6.76
valkrets,Kronobergs län,Kronobergs län,RD,L,3.12
valkrets,Kronobergs län,Kronobergs län,RD,M,19.51
valkrets,Kronobergs län,Kronobergs län,RD,MP,3.47
valkrets,Kronobergs län,Kronobergs län,RD,S,30.97
valkrets,Kronobergs län,Kronobergs län,RD,SD,23.61
valkrets,Kronobergs län,Kronobergs län,RD,V,5.03
valkrets,Malmö kommun,Malmö kommun,RD,C,5.49
valkrets,Malmö kommun,Malmö kommun,RD,KD,3.0
valkrets,Malmö kommun,Malmö kommun,RD,L,4.53
valkrets,Malmö kommun,Malmö kommun,RD,M,17.87
valkrets,Malmö kommun,Malmö kommun,RD,MP,7.49
valkrets,Malmö kommun,Malmö kommun,RD,Partiet Nyans,2.1
valkrets,Malmö kommun,Malmö kommun,RD,S,29.57
valkrets,Malmö kommun,Malmö kommun,RD,SD,16.37
valkrets,Malmö kommun,Malmö kommun,RD,V,12.49
valkrets,Norrbottens län,Norrbottens län,RD,C,5.29
valkrets,Norrbottens län,Norrbottens län,RD,KD,5.12
valkrets,Norrbottens län,Norrbottens län,RD,L,2.54
valkrets,Norrbottens län,Norrbottens län,RD,M,13.57
valkrets,Norrbottens län,Norrbottens län,RD,MP,3.44
valkrets,Norrbottens län,Norrbottens län,RD,S,41.64
valkrets,Norrbottens län,Norrbottens län,RD,SD,20.3
valkrets,Norrbottens län,Norrbottens län,RD,V,6.98
valkrets,Skåne läns norra och östra,Skåne läns norra och östra,RD,C,4.95
valkrets,Skåne läns norra och östra,Skåne läns norra och östra,RD,KD,6.15
valkrets,Skåne läns norra och östra,Skåne läns norra och östra,RD,L,3.76
valkrets,Skåne läns norra och östra,Skåne läns norra och östra,RD,M,19.51
valkrets,Skåne läns norra och östra,Skåne läns norra och östra,RD,MP,2.96
valkrets,Skåne läns norra och östra,Skåne läns norra och östra,RD,S,25.2
valkrets,Skåne läns norra och östra,Skåne läns norra och östra,RD,SD,32.19
valkrets,Skåne läns norra och östra,Skåne läns norra och östra,RD,V,3.94
valkrets,Skåne läns södra,Skåne läns södra,RD,C,6.62
valkrets,Skåne läns södra,Skåne läns södra,RD,KD,4.76
valkrets,Skåne läns södra,Skåne läns södra,RD,L,6.15
valkrets,Skåne läns södra,Skåne läns södra,RD,M,22.06
valkrets,Skåne läns södra,Skåne läns södra,RD,MP,5.55
valkrets,Skåne läns södra,Skåne läns södra,RD,S,25.35
valkrets,Skåne läns södra,Skåne läns södra,RD,SD,23.35
valkrets,Skåne läns södra,Skåne läns södra,RD,V,4.96
valkrets,Skåne läns västra,Skåne läns västra,RD,C,4.97
valkrets,Skåne läns västra,Skåne läns västra,RD,KD,4.72
valkrets,Skåne läns västra,Skåne läns västra,RD,L,4.48
valkrets,Skåne läns västra,Skåne läns västra,RD,M,19.82
valkrets,Skåne läns västra,Skåne läns västra,RD,MP,3.54
valkrets,Skåne läns västra,Skåne läns västra,RD,S,27.34
valkrets,Skåne läns västra,Skåne läns västra,RD,SD,28.75
valkrets,Skåne läns västra,Skåne läns västra,RD,V,4.61
valkrets,Stockholms kommun,Stockholms kommun,RD,C,8.48
valkrets,Stockholms kommun,Stockholms kommun,RD,KD,3.17
valkrets,Stockholms kommun,Stockholms kommun,RD,L,6.87
valkrets,Stockholms kommun,Stockholms kommun,RD,M,19.07
valkrets,Stockholms kommun,Stockholms kommun,RD,MP,10.02
valkrets,Stockholms kommun,Stockholms kommun,RD,S,28.07
valkrets,Stockholms kommun,Stockholms kommun,RD,SD,10.67
valkrets,Stockholms kommun,Stockholms kommun,RD,V,11.73
valkrets,Stockholms län,Stockholms län,RD,C,7.39
valkrets,Stockholms län,Stockholms län,RD,KD,4.89
valkrets,Stockholms län,Stockholms län,RD,L,5.95
valkrets,Stockholms län,Stockholms län,RD,M,24.01
valkrets,Stockholms län,Stockholms län,RD,MP,5.14
valkrets,Stockholms län,Stockholms län,RD,S,27.12
valkrets,Stockholms län,Stockholms län,RD,SD,17.55
valkrets,Stockholms län,Stockholms län,RD,V,6.28
valkrets,Södermanlands län,Södermanlands län,RD,C,5.94
valkrets,Södermanlands län,Södermanlands län,RD,KD,4.74
valkrets,Södermanlands län,Södermanlands län,RD,L,3.59
valkrets,Södermanlands län,Södermanlands län,RD,M,19.21
valkrets,Södermanlands län,Södermanlands län,RD,MP,4.01
valkrets,Södermanlands län,Södermanlands län,RD,S,32.93
valkrets,Södermanlands län,Södermanlands län,RD,SD,23.01
valkrets,Södermanlands län,Södermanlands län,RD,V,5.2
valkrets,Uppsala län,Uppsala län,RD,C,7.25
valkrets,Uppsala län,Uppsala län,RD,KD,5.93
valkrets,Uppsala län,Uppsala län,RD,L,5.01
valkrets,Uppsala län,Uppsala län,RD,M,18.26
valkrets,Uppsala län,Uppsala län,RD,MP,6.73
valkrets,Uppsala län,Uppsala län,RD,S,29.13
valkrets,Uppsala län,Uppsala län,RD,SD,18.18
valkrets,Uppsala län,Uppsala län,RD,V,7.85
valkrets,Värmlands län,Värmlands län,RD,C,6.34
valkrets,Värmlands län,Värmlands län,RD,KD,5.81
valkrets,Värmlands län,Värmlands län,RD,L,3.71
valkrets,Värmlands län,Värmlands län,RD,M,17.05
valkrets,Värmlands län,Värmlands län,RD,MP,3.64
valkrets,Värmlands län,Värmlands län,RD,S,34.59
valkrets,Värmlands län,Värmlands län,RD,SD,22.8
valkrets,Värmlands län,Värmlands län,RD,V,5.01
valkrets,Västerbottens län,Västerbottens län,RD,C,7.79
valkrets,Västerbottens län,Västerbottens län,RD,KD,4.71
valkrets,Västerbottens län,Västerbottens län,RD,L,3.12
valkrets,Västerbottens län,Västerbottens län,RD,M,14.15
valkrets,Västerbottens län,Västerbottens län,RD,MP,5.44
valkrets,Västerbottens län,Västerbottens län,RD,S,40.73
valkrets,Västerbottens län,Västerbottens län,RD,SD,14.46
valkrets,Västerbottens län,Västerbottens län,RD,V,8.5
valkrets,Västernorrlands län,Västernorrlands län,RD,C,7.45
valkrets,Västernorrlands län,Västernorrlands län,RD,KD,5.41
valkrets,Västernorrlands län,Västernorrlands län,RD,L,2.74
valkrets,Västernorrlands län,Västernorrlands län,RD,M,13.97
valkrets,Västernorrlands län,Västernorrlands län,RD,MP,3.43
valkrets,Västernorrlands län,Västernorrlands län,RD,S,39.42
valkrets,Västernorrlands län,Västernorrlands län,RD,SD,20.68
valkrets,Västernorrlands län,Västernorrlands län,RD,V,5.75
valkrets,Västmanlands län,Västmanlands län,RD,C,5.4
valkrets,Västmanlands län,Västmanlands län,RD,KD,5.01
valkrets,Västmanlands län,Västmanlands län,RD,L,4.16
valkrets,Västmanlands län,Västmanlands län,RD,M,19.13
valkrets,Västmanlands län,Västmanlands län,RD,MP,3.2
valkrets,Västmanlands län,Västmanlands län,RD,S,32.0
valkrets,Västmanlands län,Västmanlands län,RD,SD,23.67
valkrets,Västmanlands län,Västmanlands län,RD,V,6.13
valkrets,Västra Götalands läns norra,Västra Götalands läns norra,RD,C,5.72
valkrets,Västra Götalands läns norra,Västra Götalands läns norra,RD,KD,6.17
valkrets,Västra Götalands läns norra,Västra Götalands läns norra,RD,L,3.63
valkrets,Västra Götalands läns norra,Västra Götalands läns norra,RD,M,17.53
valkrets,Västra Götalands läns norra,Västra Götalands läns norra,RD,MP,3.64
valkrets,Västra Götalands läns norra,Västra Götalands läns norra,RD,S,31.28
valkrets,Västra Götalands läns norra,Västra Götalands läns norra,RD,SD,25.43
valkrets,Västra Götalands läns norra,Västra Götalands läns norra,RD,V,5.16
valkrets,Västra Götalands läns södra,Västra Götalands läns södra,RD,C,7.09
valkrets,Västra Götalands läns södra,Västra Götalands läns södra,RD,KD,6.96
valkrets,Västra Götalands läns södra,Västra Götalands läns södra,RD,L,3.84
valkrets,Västra Götalands läns södra,Västra Götalands läns södra,RD,M,18.92
valkrets,Västra Götalands läns södra,Västra Götalands läns södra,RD,MP,3.56
valkrets,Västra Götalands läns södra,Västra Götalands läns södra,RD,S,29.14
valkrets,Västra Götalands läns södra,Västra Götalands läns södra,RD,SD,23.59
valkrets,Västra Götalands läns södra,Västra Götalands läns södra,RD,V,5.34
valkrets,Västra Götalands läns västra,Västra Götalands läns västra,RD,C,6.41
valkrets,Västra Götalands läns västra,Västra Götalands läns västra,RD,KD,6.28
valkrets,Västra Götalands läns västra,Västra Götalands läns västra,RD,L,5.43
valkrets,Västra Götalands läns västra,Västra Götalands läns västra,RD,M,20.46
valkrets,Västra Götalands läns västra,Västra Götalands läns västra,RD,MP,5.18
valkrets,Västra Götalands läns västra,Västra Götalands läns västra,RD,S,28.03
valkrets,Västra Götalands läns västra,Västra Götalands läns västra,RD,SD,21.2
valkrets,Västra Götalands läns västra,Västra Götalands läns västra,RD,V,5.68
valkrets,Västra Götalands läns östra,Västra Götalands läns östra,RD,C,6.61
valkrets,Västra Götalands läns östra,Västra Götalands läns östra,RD,KD,6.96
valkrets,Västra Götalands läns östra,Västra Götalands läns östra,RD,L,3.35
valkrets,Västra Götalands läns östra,Västra Götalands läns östra,RD,M,18.58
valkrets,Västra Götalands läns östra,Västra Götalands läns östra,RD,MP,3.26
valkrets,Västra Götalands läns östra,Västra Götalands läns östra,RD,S,31.4
valkrets,Västra Götalands läns östra,Västra Götalands läns östra,RD,SD,24.12
valkrets,Västra Götalands läns östra,Västra Götalands läns östra,RD,V,4.45
valkrets,Örebro län,Örebro län,RD,C,6.26
valkrets,Örebro län,Örebro län,RD,KD,5.34
valkrets,Örebro län,Örebro län,RD,L,4.55
valkrets,Örebro län,Örebro län,RD,M,16.74
valkrets,Örebro län,Örebro län,RD,MP,4.05
valkrets,Örebro län,Örebro län,RD,S,33.25
valkrets,Örebro län,Örebro län,RD,SD,22.09
valkrets,Örebro län,Örebro län,RD,V,6.11
valkrets,Östergötlands län,Östergötlands län,RD,C,6.48
valkrets,Östergötlands län,Östergötlands län,RD,KD,5.97
valkrets,Östergötlands län,Östergötlands län,RD,L,4.41
valkrets,Östergötlands län,Östergötlands län,RD,M,19.83
valkrets,Östergötlands län,Östergötlands län,RD,MP,4.63
valkrets,Östergötlands län,Östergötlands län,RD,S,30.55
valkrets,Östergötlands län,Östergötlands län,RD,SD,21.2
valkrets,Östergötlands län,Östergötlands län,RD,V,5.62
