kommunkod,kommun,kategori,partier,kso_parti,majmin,kalla
0114,Upplands väsby,BL,"L,S,ÖP",S,Minoritet,"Faktadriven-databasen: styre per kommun efter valet 2022 (hämtat 2026-09-30)"
0115,Vallentuna,A,"M,C,L,KD",M,Majoritet,"Faktadriven-databasen: styre per kommun efter valet 2022 (hämtat 2026-09-30)"
0117,Österåker,A,"M,C,L,KD",M,Majoritet,"Faktadriven-databasen: styre per kommun efter valet 2022 (hämtat 2026-09-30)"
0120,Värmdö,BL,"C,L,S,MP",S,Minoritet,"Faktadriven-databasen: styre per kommun efter valet 2022 (hämtat 2026-09-30)"
0123,Järfälla,BL,"M,S",S,Majoritet,"Faktadriven-databasen: styre per kommun efter valet 2022 (hämtat 2026-09-30)"
0125,Ekerö,BL,"C,L,KD,S,MP",S,Majoritet,"Faktadriven-databasen: styre per kommun efter valet 2022 (hämtat 2026-09-30)"
0126,Huddinge,BL,"C,S,MP,ÖP",S,Minoritet,"Faktadriven-databasen: styre per kommun efter valet 2022 (hämtat 2026-09-30)"
0127,Botkyrka,A,"M,C,KD,ÖP",M,Minoritet,"Faktadriven-databasen: styre per kommun efter valet 2022 (hämtat 2026-09-30)"
0128,Salem,BL,"C,L,S,ÖP",S,Minoritet,"Faktadriven-databasen: styre per kommun efter valet 2022 (hämtat 2026-09-30)"
0136,Haninge,A,"M,L,KD",M,Minoritet,"Faktadriven-databasen: styre per kommun efter valet 2022 (hämtat 2026-09-30)"
0138,Tyresö,BL,"M,S",S,Majoritet,"Faktadriven-databasen: styre per kommun efter valet 2022 (hämtat 2026-09-30)"
0139,Upplands-Bro,A,"M,C,L,KD",M,Minoritet,"Faktadriven-databasen: styre per kommun efter valet 2022 (hämtat 2026-09-30)"
0140,Nykvarn,BL,"C,S,MP,ÖP",S,Majoritet,"Faktadriven-databasen: styre per kommun efter valet 2022 (hämtat 2026-09-30)"
0160,Täby,A,"M,C,L,KD",M,Majoritet,"Faktadriven-databasen: styre per kommun efter valet 2022 (hämtat 2026-09-30)"
0162,Danderyd,A,"M,L,KD",M,Majoritet,"Faktadriven-databasen: styre per kommun efter valet 2022 (hämtat 2026-09-30)"
0163,Sollentuna,A,"M,C,L,KD",M,Majoritet,"Faktadriven-databasen: styre per kommun efter valet 2022 (hämtat 2026-09-30)"
0180,Stockholm,V,"S,V,MP",S,Majoritet,"Faktadriven-databasen: styre per kommun efter valet 2022 (hämtat 2026-09-30)"
0181,Södertälje,BL,"M,S,MP",S,Majoritet,"Faktadriven-databasen: styre per kommun efter valet 2022 (hämtat 2026-09-30)"
0182,Nacka,A,"M,C,L,KD",M,Minoritet,"Faktadriven-databasen: styre per kommun efter valet 2022 (hämtat 2026-09-30)"
0183,Sundbyberg,BL,"C,S,V,MP",S,Majoritet,"Faktadriven-databasen: styre per kommun efter valet 2022 (hämtat 2026-09-30)"
0184,Solna,BL,"C,S,V,MP",S,Majoritet,"Faktadriven-databasen: styre per kommun efter valet 2022 (hämtat 2026-09-30)"
0186,Lidingö,A,"M,ÖP",M,Minoritet,"Faktadriven-databasen: styre per kommun efter valet 2022 (hämtat 2026-09-30)"
0187,Vaxholm,BL,"M,L,KD,S,V",M,Majoritet,"Faktadriven-databasen: styre per kommun efter valet 2022 (hämtat 2026-09-30)"
0188,Norrtälje,BL,"C,L,S,MP",S,Minoritet,"Faktadriven-databasen: styre per kommun efter valet 2022 (hämtat 2026-09-30)"
0191,Sigtuna,B,"M,KD,SD,ÖP",M,Majoritet,"Faktadriven-databasen: styre per kommun efter valet 2022 (hämtat 2026-09-30)"
0192,Nynäshamn,A,"M,C,L,KD",M,Minoritet,"Faktadriven-databasen: styre per kommun efter valet 2022 (hämtat 2026-09-30)"
0305,Håbo,BL,"M,C,KD,S",M,Majoritet,"Faktadriven-databasen: styre per kommun efter valet 2022 (hämtat 2026-09-30)"
0319,Älvkarleby,BL,"C,S,V,MP,ÖP",S,Majoritet,"Faktadriven-databasen: styre per kommun efter valet 2022 (hämtat 2026-09-30)"
0330,Knivsta,A,"KD,ÖP",ÖP,Minoritet,"Faktadriven-databasen: styre per kommun efter valet 2022 (hämtat 2026-09-30)"
0331,Heby,BL,"C,S,V,MP",C/S,Majoritet,"Faktadriven-databasen: styre per kommun efter valet 2022 (hämtat 2026-09-30)"
0360,Tierp,A,"M,C,L,KD",C,Minoritet,"Faktadriven-databasen: styre per kommun efter valet 2022 (hämtat 2026-09-30)"
0380,Uppsala,V,"S,V,MP",S,Minoritet,"Faktadriven-databasen: styre per kommun efter valet 2022 (hämtat 2026-09-30)"
0381,Enköping,BL,"M,C,L,KD,MP,ÖP",M,Majoritet,"Faktadriven-databasen: styre per kommun efter valet 2022 (hämtat 2026-09-30)"
0382,Östhammar,B,"M,KD,SD,ÖP",M,Majoritet,"Faktadriven-databasen: styre per kommun efter valet 2022 (hämtat 2026-09-30)"
0428,Vingåker,A,"M,C,KD",M,Minoritet,"Faktadriven-databasen: styre per kommun efter valet 2022 (hämtat 2026-09-30)"
0461,Gnesta,BL,"M,S",S,Minoritet,"Faktadriven-databasen: styre per kommun efter valet 2022 (hämtat 2026-09-30)"
0480,Nyköping,BL,"M,S",S,Majoritet,"Faktadriven-databasen: styre per kommun efter valet 2022 (hämtat 2026-09-30)"
0481,Oxelösund,B,"M,L,KD,SD",M,Majoritet,"Faktadriven-databasen: styre per kommun efter valet 2022 (hämtat 2026-09-30)"
0482,Flen,BL,"C,S",S,Minoritet,"Faktadriven-databasen: styre per kommun efter valet 2022 (hämtat 2026-09-30)"
0483,Katrineholm,BL,"M,S",S,Majoritet,"Faktadriven-databasen: styre per kommun efter valet 2022 (hämtat 2026-09-30)"
0484,Eskilstuna,BL,"M,S",S,Majoritet,"Faktadriven-databasen: styre per kommun efter valet 2022 (hämtat 2026-09-30)"
0486,Strängnäs,BL,"M,S",M,Majoritet,"Faktadriven-databasen: styre per kommun efter valet 2022 (hämtat 2026-09-30)"
0488,Trosa,A,"M,C,L,KD",M,Majoritet,"Faktadriven-databasen: styre per kommun efter valet 2022 (hämtat 2026-09-30)"
0509,Ödeshög,BL,"M,C,S",M,Majoritet,"Faktadriven-databasen: styre per kommun efter valet 2022 (hämtat 2026-09-30)"
0512,Ydre,A,"M,C",C,Majoritet,"Faktadriven-databasen: styre per kommun efter valet 2022 (hämtat 2026-09-30)"
0513,Kinda,BL,"M,KD,S",M,Majoritet,"Faktadriven-databasen: styre per kommun efter valet 2022 (hämtat 2026-09-30)"
0560,Boxholm,V,S,S,Minoritet,"Faktadriven-databasen: styre per kommun efter valet 2022 (hämtat 2026-09-30)"
0561,Åtvidaberg,BL,"C,L,S,V,MP",S,Majoritet,"Faktadriven-databasen: styre per kommun efter valet 2022 (hämtat 2026-09-30)"
0562,Finspång,BL,"C,L,S",S,Minoritet,"Faktadriven-databasen: styre per kommun efter valet 2022 (hämtat 2026-09-30)"
0563,Valdemarsvik,B,"M,KD,SD,ÖP",M,Majoritet,"Faktadriven-databasen: styre per kommun efter valet 2022 (hämtat 2026-09-30)"
0580,Linköping,BL,"M,S",S,Minoritet,"Faktadriven-databasen: styre per kommun efter valet 2022 (hämtat 2026-09-30)"
0581,Norrköping,BL,"C,L,KD,S",S,Minoritet,"Faktadriven-databasen: styre per kommun efter valet 2022 (hämtat 2026-09-30)"
0582,Söderköping,BL,"M,KD,S",M,Majoritet,"Faktadriven-databasen: styre per kommun efter valet 2022 (hämtat 2026-09-30)"
0583,Motala,B,"M,KD,SD",M,Minoritet,"Faktadriven-databasen: styre per kommun efter valet 2022 (hämtat 2026-09-30)"
0584,Vadstena,BL,"M,KD,S",M,Majoritet,"Faktadriven-databasen: styre per kommun efter valet 2022 (hämtat 2026-09-30)"
0586,Mjölby,BL,"C,L,KD,S,MP",S,Majoritet,"Faktadriven-databasen: styre per kommun efter valet 2022 (hämtat 2026-09-30)"
0604,Aneby,BL,"C,KD,S",C,Majoritet,"Faktadriven-databasen: styre per kommun efter valet 2022 (hämtat 2026-09-30)"
0617,Gnosjö,A,"M,C,KD",M,Majoritet,"Faktadriven-databasen: styre per kommun efter valet 2022 (hämtat 2026-09-30)"
0642,Mullsjö,BL,"C,L,KD,S",KD,Majoritet,"Faktadriven-databasen: styre per kommun efter valet 2022 (hämtat 2026-09-30)"
0643,Habo,A,"M,C,L,KD",M,Majoritet,"Faktadriven-databasen: styre per kommun efter valet 2022 (hämtat 2026-09-30)"
0662,Gislaved,BL,"M,C,L,S,ÖP",S/M,Majoritet,"Faktadriven-databasen: styre per kommun efter valet 2022 (hämtat 2026-09-30)"
0665,Vaggeryd,BL,"M,S",M/S,Majoritet,"Faktadriven-databasen: styre per kommun efter valet 2022 (hämtat 2026-09-30)"
0680,Jönköping,BL,"C,L,S",S,Minoritet,"Faktadriven-databasen: styre per kommun efter valet 2022 (hämtat 2026-09-30)"
0682,Nässjö,BL,"C,KD,S,V",S,Minoritet,"Faktadriven-databasen: styre per kommun efter valet 2022 (hämtat 2026-09-30)"
0683,Värnamo,A,"M,C,L,KD",M,Majoritet,"Faktadriven-databasen: styre per kommun efter valet 2022 (hämtat 2026-09-30)"
0684,Sävsjö,BL,"C,KD,S",KD,Majoritet,"Faktadriven-databasen: styre per kommun efter valet 2022 (hämtat 2026-09-30)"
0685,Vetlanda,B,"M,SD,ÖP",M,Majoritet,"Faktadriven-databasen: styre per kommun efter valet 2022 (hämtat 2026-09-30)"
0686,Eksjö,BL,"M,S",M,Majoritet,"Faktadriven-databasen: styre per kommun efter valet 2022 (hämtat 2026-09-30)"
0687,Tranås,A,"M,L,KD",M,Minoritet,"Faktadriven-databasen: styre per kommun efter valet 2022 (hämtat 2026-09-30)"
0760,Uppvidinge,BL,"M,S,V,ÖP",M,Majoritet,"Faktadriven-databasen: styre per kommun efter valet 2022 (hämtat 2026-09-30)"
0761,Lessebo,BL,"C,S,V",S,Majoritet,"Faktadriven-databasen: styre per kommun efter valet 2022 (hämtat 2026-09-30)"
0763,Tingsryd,A,"M,C,KD",M,Minoritet,"Faktadriven-databasen: styre per kommun efter valet 2022 (hämtat 2026-09-30)"
0764,Alvesta,BL,"C,KD,S",S,Minoritet,"Faktadriven-databasen: styre per kommun efter valet 2022 (hämtat 2026-09-30)"
0765,Älmhult,BL,"C,S",S,Majoritet,"Faktadriven-databasen: styre per kommun efter valet 2022 (hämtat 2026-09-30)"
0767,Markaryd,A,"M,C,KD",KD,Majoritet,"Faktadriven-databasen: styre per kommun efter valet 2022 (hämtat 2026-09-30)"
0780,Växjö,V,"S,V,MP",S,Minoritet,"Faktadriven-databasen: styre per kommun efter valet 2022 (hämtat 2026-09-30)"
0781,Ljungby,A,"M,C,KD",M,Minoritet,"Faktadriven-databasen: styre per kommun efter valet 2022 (hämtat 2026-09-30)"
0821,Högsby,BL,"C,S,V",C,Majoritet,"Faktadriven-databasen: styre per kommun efter valet 2022 (hämtat 2026-09-30)"
0834,Torsås,BL,"M,C,S,V",S,Majoritet,"Faktadriven-databasen: styre per kommun efter valet 2022 (hämtat 2026-09-30)"
0840,Mörbylånga,BL,"M,S",S,Majoritet,"Faktadriven-databasen: styre per kommun efter valet 2022 (hämtat 2026-09-30)"
0860,Hultsfred,A,"M,C,KD",C,Majoritet,"Faktadriven-databasen: styre per kommun efter valet 2022 (hämtat 2026-09-30)"
0861,Mönsterås,A,"M,C,L,KD",C,Minoritet,"Faktadriven-databasen: styre per kommun efter valet 2022 (hämtat 2026-09-30)"
0862,Emmaboda,A,"C,KD",C,Minoritet,"Faktadriven-databasen: styre per kommun efter valet 2022 (hämtat 2026-09-30)"
0880,Kalmar,BL,"C,S,V",S,Majoritet,"Faktadriven-databasen: styre per kommun efter valet 2022 (hämtat 2026-09-30)"
0881,Nybro,BL,"C,S",S,Minoritet,"Faktadriven-databasen: styre per kommun efter valet 2022 (hämtat 2026-09-30)"
0882,Oskarshamn,BL,"M,S",S,Majoritet,"Faktadriven-databasen: styre per kommun efter valet 2022 (hämtat 2026-09-30)"
0883,Västervik,A,"M,L,KD,ÖP",M,Minoritet,"Faktadriven-databasen: styre per kommun efter valet 2022 (hämtat 2026-09-30)"
0884,Vimmerby,BL,"C,S,V",S,Majoritet,"Faktadriven-databasen: styre per kommun efter valet 2022 (hämtat 2026-09-30)"
0885,Borgholm,BL,"C,S,V",S,Majoritet,"Faktadriven-databasen: styre per kommun efter valet 2022 (hämtat 2026-09-30)"
0980,Gotland,BL,"M,S",S,Majoritet,"Faktadriven-databasen: styre per kommun efter valet 2022 (hämtat 2026-09-30)"
1060,Olofström,BL,"C,S",S,Majoritet,"Faktadriven-databasen: styre per kommun efter valet 2022 (hämtat 2026-09-30)"
1080,Karlskrona,B,"M,L,KD,SD",M,Majoritet,"Faktadriven-databasen: styre per kommun efter valet 2022 (hämtat 2026-09-30)"
1081,Ronneby,BL,"M,S",M,Minoritet,"Faktadriven-databasen: styre per kommun efter valet 2022 (hämtat 2026-09-30)"
1082,Karlshamn,B,"M,KD,SD",M,Majoritet,"Faktadriven-databasen: styre per kommun efter valet 2022 (hämtat 2026-09-30)"
1083,Sölvesborg,BL,"M,C,S,ÖP",S,Minoritet,"Faktadriven-databasen: styre per kommun efter valet 2022 (hämtat 2026-09-30)"
1214,Svalöv,B,"M,KD,SD",SD,Majoritet,"Faktadriven-databasen: styre per kommun efter valet 2022 (hämtat 2026-09-30)"
1230,Staffanstorp,B,"M,SD",M,Majoritet,"Faktadriven-databasen: styre per kommun efter valet 2022 (hämtat 2026-09-30)"
1231,Burlöv,A,"M,C,L",M,Minoritet,"Faktadriven-databasen: styre per kommun efter valet 2022 (hämtat 2026-09-30)"
1233,Vellinge,A,M,M,Minoritet,"Faktadriven-databasen: styre per kommun efter valet 2022 (hämtat 2026-09-30)"
1256,Östra Göinge,A,"M,C,KD",M,Majoritet,"Faktadriven-databasen: styre per kommun efter valet 2022 (hämtat 2026-09-30)"
1257,Örkelljunga,B,"M,SD",SD,Majoritet,"Faktadriven-databasen: styre per kommun efter valet 2022 (hämtat 2026-09-30)"
1260,Bjuv,B,"M,SD",SD,Majoritet,"Faktadriven-databasen: styre per kommun efter valet 2022 (hämtat 2026-09-30)"
1261,Kävlinge,B,"M,KD,SD",M,Majoritet,"Faktadriven-databasen: styre per kommun efter valet 2022 (hämtat 2026-09-30)"
1262,Lomma,A,"M,C,KD",M,Minoritet,"Faktadriven-databasen: styre per kommun efter valet 2022 (hämtat 2026-09-30)"
1263,Svedala,A,"M,C,L,KD,ÖP",M,Minoritet,"Faktadriven-databasen: styre per kommun efter valet 2022 (hämtat 2026-09-30)"
1264,Skurup,B,"M,KD,SD",M,Minoritet,"Faktadriven-databasen: styre per kommun efter valet 2022 (hämtat 2026-09-30)"
1265,Sjöbo,BL,"M,C,L,S",M,Minoritet,"Faktadriven-databasen: styre per kommun efter valet 2022 (hämtat 2026-09-30)"
1266,Hörby,B,"M,SD",SD,Majoritet,"Faktadriven-databasen: styre per kommun efter valet 2022 (hämtat 2026-09-30)"
1267,Höör,A,"M,C,L,KD",M,Minoritet,"Faktadriven-databasen: styre per kommun efter valet 2022 (hämtat 2026-09-30)"
1270,Tomelilla,A,"M,L,KD",M,Minoritet,"Faktadriven-databasen: styre per kommun efter valet 2022 (hämtat 2026-09-30)"
1272,Bromölla,V,"S,V",S,Minoritet,"Faktadriven-databasen: styre per kommun efter valet 2022 (hämtat 2026-09-30)"
1273,Osby,A,C,C,Minoritet,"Faktadriven-databasen: styre per kommun efter valet 2022 (hämtat 2026-09-30)"
1275,Perstorp,BL,"M,C,KD,S,ÖP",S,Majoritet,"Faktadriven-databasen: styre per kommun efter valet 2022 (hämtat 2026-09-30)"
1276,Klippan,A,"KD,ÖP",M,Minoritet,"Faktadriven-databasen: styre per kommun efter valet 2022 (hämtat 2026-09-30)"
1277,Åstorp,B,"M,KD,SD",SD,Majoritet,"Faktadriven-databasen: styre per kommun efter valet 2022 (hämtat 2026-09-30)"
1278,Båstad,BL,"M,L,KD,S",M,Majoritet,"Faktadriven-databasen: styre per kommun efter valet 2022 (hämtat 2026-09-30)"
1280,Malmö,BL,"L,S,MP",S,Minoritet,"Faktadriven-databasen: styre per kommun efter valet 2022 (hämtat 2026-09-30)"
1281,Lund,BL,"M,KD,S",S,Minoritet,"Faktadriven-databasen: styre per kommun efter valet 2022 (hämtat 2026-09-30)"
1282,Landskrona,BL,"M,L,MP",L,Majoritet,"Faktadriven-databasen: styre per kommun efter valet 2022 (hämtat 2026-09-30)"
1283,Helsingborg,A,"M,L,KD",M,Minoritet,"Faktadriven-databasen: styre per kommun efter valet 2022 (hämtat 2026-09-30)"
1284,Höganäs,BL,"M,C,KD,MP",M,Majoritet,"Faktadriven-databasen: styre per kommun efter valet 2022 (hämtat 2026-09-30)"
1285,Eslöv,BL,"M,L,S",S,Majoritet,"Faktadriven-databasen: styre per kommun efter valet 2022 (hämtat 2026-09-30)"
1286,Ystad,A,"M,L,KD",M,Minoritet,"Faktadriven-databasen: styre per kommun efter valet 2022 (hämtat 2026-09-30)"
1287,Trelleborg,B,"M,L,KD,SD",SD,Majoritet,"Faktadriven-databasen: styre per kommun efter valet 2022 (hämtat 2026-09-30)"
1290,Kristianstad,B,"M,KD,SD",M,Majoritet,"Faktadriven-databasen: styre per kommun efter valet 2022 (hämtat 2026-09-30)"
1291,Simrishamn,A,"M,L,KD",M,Minoritet,"Faktadriven-databasen: styre per kommun efter valet 2022 (hämtat 2026-09-30)"
1292,Ängelholm,A,"M,C,L,KD",M,Minoritet,"Faktadriven-databasen: styre per kommun efter valet 2022 (hämtat 2026-09-30)"
1293,Hässleholm,BL,"M,S",S,Minoritet,"Faktadriven-databasen: styre per kommun efter valet 2022 (hämtat 2026-09-30)"
1315,Hylte,BL,"L,S,V,ÖP",S,Minoritet,"Faktadriven-databasen: styre per kommun efter valet 2022 (hämtat 2026-09-30)"
1380,Halmstad,BL,"M,KD,S",S,Majoritet,"Faktadriven-databasen: styre per kommun efter valet 2022 (hämtat 2026-09-30)"
1381,Laholm,BL,"M,C,L,KD,S",C,Majoritet,"Faktadriven-databasen: styre per kommun efter valet 2022 (hämtat 2026-09-30)"
1382,Falkenberg,BL,"L,KD,S,V,MP",S,Minoritet,"Faktadriven-databasen: styre per kommun efter valet 2022 (hämtat 2026-09-30)"
1383,Varberg,B,"M,L,KD,SD",M,Minoritet,"Faktadriven-databasen: styre per kommun efter valet 2022 (hämtat 2026-09-30)"
1384,Kungsbacka,A,"M,C,L,KD",M,Majoritet,"Faktadriven-databasen: styre per kommun efter valet 2022 (hämtat 2026-09-30)"
1401,Härryda,A,"M,C,L,KD,ÖP",M,Minoritet,"Faktadriven-databasen: styre per kommun efter valet 2022 (hämtat 2026-09-30)"
1402,Partille,A,"M,L,KD",M,Minoritet,"Faktadriven-databasen: styre per kommun efter valet 2022 (hämtat 2026-09-30)"
1407,Öckerö,A,"M,L,KD",KD,Majoritet,"Faktadriven-databasen: styre per kommun efter valet 2022 (hämtat 2026-09-30)"
1415,Stenungsund,BL,"M,S",S,Majoritet,"Faktadriven-databasen: styre per kommun efter valet 2022 (hämtat 2026-09-30)"
1419,Tjörn,B,"M,C,L,SD,ÖP",L,Majoritet,"Faktadriven-databasen: styre per kommun efter valet 2022 (hämtat 2026-09-30)"
1421,Orust,BL,"M,L,S",S,Majoritet,"Faktadriven-databasen: styre per kommun efter valet 2022 (hämtat 2026-09-30)"
1427,Sotenäs,V,S,S,Minoritet,"Faktadriven-databasen: styre per kommun efter valet 2022 (hämtat 2026-09-30)"
1430,Munkedal,B,"M,KD,SD",SD,Majoritet,"Faktadriven-databasen: styre per kommun efter valet 2022 (hämtat 2026-09-30)"
1435,Tanum,A,"M,C,KD",M,Majoritet,"Faktadriven-databasen: styre per kommun efter valet 2022 (hämtat 2026-09-30)"
1438,Dals-Ed,A,"M,C,L,KD",M,Majoritet,"Faktadriven-databasen: styre per kommun efter valet 2022 (hämtat 2026-09-30)"
1439,Färgelanda,B,"KD,SD",SD,Minoritet,"Faktadriven-databasen: styre per kommun efter valet 2022 (hämtat 2026-09-30)"
1440,Ale,B,"M,KD,SD,ÖP",M,Minoritet,"Faktadriven-databasen: styre per kommun efter valet 2022 (hämtat 2026-09-30)"
1441,Lerum,BL,"M,S",M,Majoritet,"Faktadriven-databasen: styre per kommun efter valet 2022 (hämtat 2026-09-30)"
1442,Vårgårda,A,"M,C,L,KD",C,Majoritet,"Faktadriven-databasen: styre per kommun efter valet 2022 (hämtat 2026-09-30)"
1443,Bollebygd,BL,"M,S,V,MP",S,Majoritet,"Faktadriven-databasen: styre per kommun efter valet 2022 (hämtat 2026-09-30)"
1444,Grästorp,A,"M,C",M,Majoritet,"Faktadriven-databasen: styre per kommun efter valet 2022 (hämtat 2026-09-30)"
1445,Essunga,BL,"M,C,KD,MP",M,Majoritet,"Faktadriven-databasen: styre per kommun efter valet 2022 (hämtat 2026-09-30)"
1446,Karlsborg,A,"M,C,L,KD",M,Majoritet,"Faktadriven-databasen: styre per kommun efter valet 2022 (hämtat 2026-09-30)"
1447,Gullspång,BL,"M,KD,V,ÖP",M,Minoritet,"Faktadriven-databasen: styre per kommun efter valet 2022 (hämtat 2026-09-30)"
1452,Tranemo,BL,"C,L,S",S,Majoritet,"Faktadriven-databasen: styre per kommun efter valet 2022 (hämtat 2026-09-30)"
1460,Bengtsfors,A,"M,C,KD",M,Minoritet,"Faktadriven-databasen: styre per kommun efter valet 2022 (hämtat 2026-09-30)"
1461,Mellerud,A,"M,KD,ÖP",M,Minoritet,"Faktadriven-databasen: styre per kommun efter valet 2022 (hämtat 2026-09-30)"
1462,Lilla Edet,BL,"M,C,S,V",C,Majoritet,"Faktadriven-databasen: styre per kommun efter valet 2022 (hämtat 2026-09-30)"
1463,Mark,BL,"C,S",S,Minoritet,"Faktadriven-databasen: styre per kommun efter valet 2022 (hämtat 2026-09-30)"
1465,Svenljunga,A,"M,KD,ÖP",M,Minoritet,"Faktadriven-databasen: styre per kommun efter valet 2022 (hämtat 2026-09-30)"
1466,Herrljunga,BL,"C,L,S,V",S,Majoritet,"Faktadriven-databasen: styre per kommun efter valet 2022 (hämtat 2026-09-30)"
1470,Vara,B,"M,L,KD,SD",M,Majoritet,"Faktadriven-databasen: styre per kommun efter valet 2022 (hämtat 2026-09-30)"
1471,Götene,BL,"M,C,L,KD,MP,ÖP",ÖP,Minoritet,"Faktadriven-databasen: styre per kommun efter valet 2022 (hämtat 2026-09-30)"
1472,Tibro,BL,"C,L,S",S,Minoritet,"Faktadriven-databasen: styre per kommun efter valet 2022 (hämtat 2026-09-30)"
1473,Töreboda,A,"M,L",M,Minoritet,"Faktadriven-databasen: styre per kommun efter valet 2022 (hämtat 2026-09-30)"
1480,Göteborg,V,"S,V,MP",S,Minoritet,"Faktadriven-databasen: styre per kommun efter valet 2022 (hämtat 2026-09-30)"
1481,Mölndal,BL,"M,S",S,Majoritet,"Faktadriven-databasen: styre per kommun efter valet 2022 (hämtat 2026-09-30)"
1482,Kungälv,BL,"M,S",S,Minoritet,"Faktadriven-databasen: styre per kommun efter valet 2022 (hämtat 2026-09-30)"
1484,Lysekil,V,"S,V,MP",S,Minoritet,"Faktadriven-databasen: styre per kommun efter valet 2022 (hämtat 2026-09-30)"
1485,Uddevalla,B,"M,KD,SD,ÖP",SD,Majoritet,"Faktadriven-databasen: styre per kommun efter valet 2022 (hämtat 2026-09-30)"
1486,Strömstad,BL,"M,KD,S,V",S,Majoritet,"Faktadriven-databasen: styre per kommun efter valet 2022 (hämtat 2026-09-30)"
1487,Vänersborg,BL,"C,KD,S,MP",S,Minoritet,"Faktadriven-databasen: styre per kommun efter valet 2022 (hämtat 2026-09-30)"
1488,Trollhättan,A,"M,C,KD",M,Minoritet,"Faktadriven-databasen: styre per kommun efter valet 2022 (hämtat 2026-09-30)"
1489,Alingsås,A,"M,L,KD",M,Minoritet,"Faktadriven-databasen: styre per kommun efter valet 2022 (hämtat 2026-09-30)"
1490,Borås,BL,"C,L,S,MP",S,Minoritet,"Faktadriven-databasen: styre per kommun efter valet 2022 (hämtat 2026-09-30)"
1491,Ulricehamn,A,"M,C,L,KD",M,Minoritet,"Faktadriven-databasen: styre per kommun efter valet 2022 (hämtat 2026-09-30)"
1492,Åmål,A,"M,C,L,KD",M,Minoritet,"Faktadriven-databasen: styre per kommun efter valet 2022 (hämtat 2026-09-30)"
1493,Mariestad,B,"M,KD,SD",M,Majoritet,"Faktadriven-databasen: styre per kommun efter valet 2022 (hämtat 2026-09-30)"
1494,Lidköping,BL,"C,S,V,MP",S,Majoritet,"Faktadriven-databasen: styre per kommun efter valet 2022 (hämtat 2026-09-30)"
1495,Skara,BL,"C,L,S,MP",C,Minoritet,"Faktadriven-databasen: styre per kommun efter valet 2022 (hämtat 2026-09-30)"
1496,Skövde,BL,"M,KD,S",M,Majoritet,"Faktadriven-databasen: styre per kommun efter valet 2022 (hämtat 2026-09-30)"
1497,Hjo,A,"M,C,L,KD",M,Majoritet,"Faktadriven-databasen: styre per kommun efter valet 2022 (hämtat 2026-09-30)"
1498,Tidaholm,B,"M,L,KD,SD,ÖP",L,Majoritet,"Faktadriven-databasen: styre per kommun efter valet 2022 (hämtat 2026-09-30)"
1499,Falköping,BL,"M,C,L,KD,V,MP",M,Minoritet,"Faktadriven-databasen: styre per kommun efter valet 2022 (hämtat 2026-09-30)"
1715,Kil,BL,"C,S,MP",S,Majoritet,"Faktadriven-databasen: styre per kommun efter valet 2022 (hämtat 2026-09-30)"
1730,Eda,BL,"M,C,L,KD,V,ÖP",M,Majoritet,"Faktadriven-databasen: styre per kommun efter valet 2022 (hämtat 2026-09-30)"
1737,Torsby,V,S,S,Minoritet,"Faktadriven-databasen: styre per kommun efter valet 2022 (hämtat 2026-09-30)"
1760,Storfors,B,"M,C,KD,SD",M,Majoritet,"Faktadriven-databasen: styre per kommun efter valet 2022 (hämtat 2026-09-30)"
1761,Hammarö,BL,"C,S,V,MP",S,Majoritet,"Faktadriven-databasen: styre per kommun efter valet 2022 (hämtat 2026-09-30)"
1762,Munkfors,V,S,S,Majoritet,"Faktadriven-databasen: styre per kommun efter valet 2022 (hämtat 2026-09-30)"
1763,Forshaga,BL,"C,S",S,Majoritet,"Faktadriven-databasen: styre per kommun efter valet 2022 (hämtat 2026-09-30)"
1764,Grums,V,"S,V",S,Majoritet,"Faktadriven-databasen: styre per kommun efter valet 2022 (hämtat 2026-09-30)"
1765,Årjäng,BL,"M,C,S",S,Majoritet,"Faktadriven-databasen: styre per kommun efter valet 2022 (hämtat 2026-09-30)"
1766,Sunne,A,"M,L,ÖP",M,Minoritet,"Faktadriven-databasen: styre per kommun efter valet 2022 (hämtat 2026-09-30)"
1780,Karlstad,BL,"C,S,MP",S,Minoritet,"Faktadriven-databasen: styre per kommun efter valet 2022 (hämtat 2026-09-30)"
1781,Kristinehamn,BL,"C,S,V,MP",S,Majoritet,"Faktadriven-databasen: styre per kommun efter valet 2022 (hämtat 2026-09-30)"
1782,Filipstad,B,"M,C,L,SD",M,Majoritet,"Faktadriven-databasen: styre per kommun efter valet 2022 (hämtat 2026-09-30)"
1783,Hagfors,Ö,ÖP,ÖP,Minoritet,"Faktadriven-databasen: styre per kommun efter valet 2022 (hämtat 2026-09-30)"
1784,Arvika,BL,"C,S,V,MP",S,Majoritet,"Faktadriven-databasen: styre per kommun efter valet 2022 (hämtat 2026-09-30)"
1785,Säffle,BL,"M,C,L,MP",C,Minoritet,"Faktadriven-databasen: styre per kommun efter valet 2022 (hämtat 2026-09-30)"
1814,Lekeberg,BL,"M,KD,V,ÖP",M,Minoritet,"Faktadriven-databasen: styre per kommun efter valet 2022 (hämtat 2026-09-30)"
1860,Laxå,BL,"C,KD,V",C,Majoritet,"Faktadriven-databasen: styre per kommun efter valet 2022 (hämtat 2026-09-30)"
1861,Hallsberg,BL,"C,L,KD,S",S,Majoritet,"Faktadriven-databasen: styre per kommun efter valet 2022 (hämtat 2026-09-30)"
1862,Degerfors,V,"S,V",V,Majoritet,"Faktadriven-databasen: styre per kommun efter valet 2022 (hämtat 2026-09-30)"
1863,Hällefors,A,"M,C,ÖP",M,Minoritet,"Faktadriven-databasen: styre per kommun efter valet 2022 (hämtat 2026-09-30)"
1864,Ljusnarsberg,V,"S,V",S,Majoritet,"Faktadriven-databasen: styre per kommun efter valet 2022 (hämtat 2026-09-30)"
1880,Örebro,BL,"M,C,S",S,Majoritet,"Faktadriven-databasen: styre per kommun efter valet 2022 (hämtat 2026-09-30)"
1881,Kumla,BL,"M,S",S,Majoritet,"Faktadriven-databasen: styre per kommun efter valet 2022 (hämtat 2026-09-30)"
1882,Askersund,A,"M,L,KD",M,Minoritet,"Faktadriven-databasen: styre per kommun efter valet 2022 (hämtat 2026-09-30)"
1883,Karlskoga,A,"M,C,L,KD",M,Minoritet,"Faktadriven-databasen: styre per kommun efter valet 2022 (hämtat 2026-09-30)"
1884,Nora,BL,"M,KD,S",M/S,Majoritet,"Faktadriven-databasen: styre per kommun efter valet 2022 (hämtat 2026-09-30)"
1885,Lindesberg,B,"M,KD,SD",M,Minoritet,"Faktadriven-databasen: styre per kommun efter valet 2022 (hämtat 2026-09-30)"
1904,Skinnskatteberg,B,"M,C,L,SD",SD,Majoritet,"Faktadriven-databasen: styre per kommun efter valet 2022 (hämtat 2026-09-30)"
1907,Surahammar,BL,"M,C,KD,S",M,Majoritet,"Faktadriven-databasen: styre per kommun efter valet 2022 (hämtat 2026-09-30)"
1960,Kungsör,BL,"C,S,V",S,Majoritet,"Faktadriven-databasen: styre per kommun efter valet 2022 (hämtat 2026-09-30)"
1961,Hallstahammar,BL,"L,S,V,MP",S,Majoritet,"Faktadriven-databasen: styre per kommun efter valet 2022 (hämtat 2026-09-30)"
1962,Norberg,V,"S,ÖP",S,Majoritet,"Faktadriven-databasen: styre per kommun efter valet 2022 (hämtat 2026-09-30)"
1980,Västerås,BL,"C,KD,S,V",S,Majoritet,"Faktadriven-databasen: styre per kommun efter valet 2022 (hämtat 2026-09-30)"
1981,Sala,BL,"C,S,V,MP",S,Majoritet,"Faktadriven-databasen: styre per kommun efter valet 2022 (hämtat 2026-09-30)"
1982,Fagersta,BL,"M,C,L,S",S,Majoritet,"Faktadriven-databasen: styre per kommun efter valet 2022 (hämtat 2026-09-30)"
1983,Köping,BL,"C,KD,S,V",S,Majoritet,"Faktadriven-databasen: styre per kommun efter valet 2022 (hämtat 2026-09-30)"
1984,Arboga,BL,"C,S,V,MP",S,Majoritet,"Faktadriven-databasen: styre per kommun efter valet 2022 (hämtat 2026-09-30)"
2021,Vansbro,BL,"M,S",S,Minoritet,"Faktadriven-databasen: styre per kommun efter valet 2022 (hämtat 2026-09-30)"
2023,Malung- Sälen,BL,"M,S",S,Majoritet,"Faktadriven-databasen: styre per kommun efter valet 2022 (hämtat 2026-09-30)"
2026,Gagnef,BL,"M,C,S",C,Majoritet,"Faktadriven-databasen: styre per kommun efter valet 2022 (hämtat 2026-09-30)"
2029,Leksand,BL,"M,C,L,S",M,Minoritet,"Faktadriven-databasen: styre per kommun efter valet 2022 (hämtat 2026-09-30)"
2031,Rättvik,A,"M,C,KD",C,Majoritet,"Faktadriven-databasen: styre per kommun efter valet 2022 (hämtat 2026-09-30)"
2034,Orsa,BL,"C,S",C,Majoritet,"Faktadriven-databasen: styre per kommun efter valet 2022 (hämtat 2026-09-30)"
2039,Älvdalen,BL,"C,S",S,Majoritet,"Faktadriven-databasen: styre per kommun efter valet 2022 (hämtat 2026-09-30)"
2061,Smedjebacken,V,"S,V",S,Majoritet,"Faktadriven-databasen: styre per kommun efter valet 2022 (hämtat 2026-09-30)"
2062,Mora,A,"M,C,KD",C,Minoritet,"Faktadriven-databasen: styre per kommun efter valet 2022 (hämtat 2026-09-30)"
2080,Falun,BL,"M,S",S,Majoritet,"Faktadriven-databasen: styre per kommun efter valet 2022 (hämtat 2026-09-30)"
2081,Borlänge,BL,"M,S",S,Majoritet,"Faktadriven-databasen: styre per kommun efter valet 2022 (hämtat 2026-09-30)"
2082,Säter,BL,"C,KD,S",S,Majoritet,"Faktadriven-databasen: styre per kommun efter valet 2022 (hämtat 2026-09-30)"
2083,Hedemora,BL,"M,S",S,Minoritet,"Faktadriven-databasen: styre per kommun efter valet 2022 (hämtat 2026-09-30)"
2084,Avesta,BL,"C,S",S,Majoritet,"Faktadriven-databasen: styre per kommun efter valet 2022 (hämtat 2026-09-30)"
2085,Ludvika,BL,"M,KD,S",S,Majoritet,"Faktadriven-databasen: styre per kommun efter valet 2022 (hämtat 2026-09-30)"
2101,Ockelbo,V,S,S,Minoritet,"Faktadriven-databasen: styre per kommun efter valet 2022 (hämtat 2026-09-30)"
2104,Hofors,BL,"L,KD,S,V",S,Majoritet,"Faktadriven-databasen: styre per kommun efter valet 2022 (hämtat 2026-09-30)"
2121,Ovanåker,BL,"C,S",S,Minoritet,"Faktadriven-databasen: styre per kommun efter valet 2022 (hämtat 2026-09-30)"
2132,Nordanstig,BL,"M,L,S",S,Majoritet,"Faktadriven-databasen: styre per kommun efter valet 2022 (hämtat 2026-09-30)"
2161,Ljusdal,BL,"M,KD,S,V",M,Majoritet,"Faktadriven-databasen: styre per kommun efter valet 2022 (hämtat 2026-09-30)"
2180,Gävle,BL,"C,L,KD,S,MP",S,Majoritet,"Faktadriven-databasen: styre per kommun efter valet 2022 (hämtat 2026-09-30)"
2181,Sandviken,BL,"C,L,S",S,Minoritet,"Faktadriven-databasen: styre per kommun efter valet 2022 (hämtat 2026-09-30)"
2182,Söderhamn,A,"M,C,L,KD",C,Minoritet,"Faktadriven-databasen: styre per kommun efter valet 2022 (hämtat 2026-09-30)"
2183,Bollnäs,BL,"M,C,S",S,Majoritet,"Faktadriven-databasen: styre per kommun efter valet 2022 (hämtat 2026-09-30)"
2184,Hudiksvall,BL,"M,S,MP",S,Majoritet,"Faktadriven-databasen: styre per kommun efter valet 2022 (hämtat 2026-09-30)"
2260,Ånge,BL,"M,C,KD,S",S,Majoritet,"Faktadriven-databasen: styre per kommun efter valet 2022 (hämtat 2026-09-30)"
2262,Timrå,BL,"M,S",S,Majoritet,"Faktadriven-databasen: styre per kommun efter valet 2022 (hämtat 2026-09-30)"
2280,Härnösand,V,S,S,Minoritet,"Faktadriven-databasen: styre per kommun efter valet 2022 (hämtat 2026-09-30)"
2281,Sundsvall,BL,"C,S,V",S,Majoritet,"Faktadriven-databasen: styre per kommun efter valet 2022 (hämtat 2026-09-30)"
2282,Kramfors,V,"S,V",S,Majoritet,"Faktadriven-databasen: styre per kommun efter valet 2022 (hämtat 2026-09-30)"
2283,Sollefteå,BL,"C,V,ÖP",C,Majoritet,"Faktadriven-databasen: styre per kommun efter valet 2022 (hämtat 2026-09-30)"
2284,Örnsköldsvik,A,"M,C,KD",C,Minoritet,"Faktadriven-databasen: styre per kommun efter valet 2022 (hämtat 2026-09-30)"
2303,Ragunda,V,S,S,Minoritet,"Faktadriven-databasen: styre per kommun efter valet 2022 (hämtat 2026-09-30)"
2305,Bräcke,BL,"C,S",S,Majoritet,"Faktadriven-databasen: styre per kommun efter valet 2022 (hämtat 2026-09-30)"
2309,Krokom,BL,"M,KD,S",S,Majoritet,"Faktadriven-databasen: styre per kommun efter valet 2022 (hämtat 2026-09-30)"
2313,Strömsund,BL,"C,S",S,Majoritet,"Faktadriven-databasen: styre per kommun efter valet 2022 (hämtat 2026-09-30)"
2321,Åre,V,"S,V,ÖP",S,Majoritet,"Faktadriven-databasen: styre per kommun efter valet 2022 (hämtat 2026-09-30)"
2326,Berg,BL,"C,S",S,Majoritet,"Faktadriven-databasen: styre per kommun efter valet 2022 (hämtat 2026-09-30)"
2361,Härjedalen,BL,"M,C,S",S,Majoritet,"Faktadriven-databasen: styre per kommun efter valet 2022 (hämtat 2026-09-30)"
2380,Östersund,BL,"C,S",S,Majoritet,"Faktadriven-databasen: styre per kommun efter valet 2022 (hämtat 2026-09-30)"
2401,Nordmaling,A,"M,C,L,KD",C,Majoritet,"Faktadriven-databasen: styre per kommun efter valet 2022 (hämtat 2026-09-30)"
2403,Bjurholm,B,"M,L,KD,SD",M,Majoritet,"Faktadriven-databasen: styre per kommun efter valet 2022 (hämtat 2026-09-30)"
2404,Vindeln,BL,"KD,S",S,Minoritet,"Faktadriven-databasen: styre per kommun efter valet 2022 (hämtat 2026-09-30)"
2409,Robertsfors,V,"S,V",S,Minoritet,"Faktadriven-databasen: styre per kommun efter valet 2022 (hämtat 2026-09-30)"
2417,Norsjö,V,"S,V",S,Majoritet,"Faktadriven-databasen: styre per kommun efter valet 2022 (hämtat 2026-09-30)"
2418,Malå,V,V,L,Minoritet,"Faktadriven-databasen: styre per kommun efter valet 2022 (hämtat 2026-09-30)"
2421,Storuman,BL,"C,KD,S",S,Minoritet,"Faktadriven-databasen: styre per kommun efter valet 2022 (hämtat 2026-09-30)"
2422,Sorsele,V,"S,V",V/S,Majoritet,"Faktadriven-databasen: styre per kommun efter valet 2022 (hämtat 2026-09-30)"
2425,Dorotea,BL,"C,L,KD,S,V",S,Majoritet,"Faktadriven-databasen: styre per kommun efter valet 2022 (hämtat 2026-09-30)"
2460,Vännäs,BL,"M,S,V",S,Majoritet,"Faktadriven-databasen: styre per kommun efter valet 2022 (hämtat 2026-09-30)"
2462,Vilhelmina,V,S,S,Minoritet,"Faktadriven-databasen: styre per kommun efter valet 2022 (hämtat 2026-09-30)"
2463,Åsele,V,"S,ÖP",S,Majoritet,"Faktadriven-databasen: styre per kommun efter valet 2022 (hämtat 2026-09-30)"
2480,Umeå,V,"S,MP",S,Minoritet,"Faktadriven-databasen: styre per kommun efter valet 2022 (hämtat 2026-09-30)"
2481,Lycksele,A,"M,C,L,KD",KD,Majoritet,"Faktadriven-databasen: styre per kommun efter valet 2022 (hämtat 2026-09-30)"
2482,Skellefteå,V,"S,V",S,Majoritet,"Faktadriven-databasen: styre per kommun efter valet 2022 (hämtat 2026-09-30)"
2505,Arvidsjaur,V,S,S,Minoritet,"Faktadriven-databasen: styre per kommun efter valet 2022 (hämtat 2026-09-30)"
2506,Arjeplog,BL,"L,S",S,Majoritet,"Faktadriven-databasen: styre per kommun efter valet 2022 (hämtat 2026-09-30)"
2510,Jokkmokk,V,"V,MP,ÖP",ÖP,Majoritet,"Faktadriven-databasen: styre per kommun efter valet 2022 (hämtat 2026-09-30)"
2513,Överkalix,V,S,S,Majoritet,"Faktadriven-databasen: styre per kommun efter valet 2022 (hämtat 2026-09-30)"
2514,Kalix,BL,"C,S,MP",S,Majoritet,"Faktadriven-databasen: styre per kommun efter valet 2022 (hämtat 2026-09-30)"
2518,Övertorneå,BL,"C,KD,V,ÖP",C,Minoritet,"Faktadriven-databasen: styre per kommun efter valet 2022 (hämtat 2026-09-30)"
2521,Pajala,BL,"KD,S,ÖP",S,Minoritet,"Faktadriven-databasen: styre per kommun efter valet 2022 (hämtat 2026-09-30)"
2523,Gällivare,V,"S,MP",S,Minoritet,"Faktadriven-databasen: styre per kommun efter valet 2022 (hämtat 2026-09-30)"
2560,Älvsbyn,B,"M,L,KD,SD",M,Minoritet,"Faktadriven-databasen: styre per kommun efter valet 2022 (hämtat 2026-09-30)"
2580,Luleå,V,"S,V,MP",S,Majoritet,"Faktadriven-databasen: styre per kommun efter valet 2022 (hämtat 2026-09-30)"
2581,Piteå,BL,"C,S",S,Majoritet,"Faktadriven-databasen: styre per kommun efter valet 2022 (hämtat 2026-09-30)"
2582,Boden,V,"S,ÖP",S,Minoritet,"Faktadriven-databasen: styre per kommun efter valet 2022 (hämtat 2026-09-30)"
2583,Haparanda,B,"M,C,KD,SD,ÖP",C,Majoritet,"Faktadriven-databasen: styre per kommun efter valet 2022 (hämtat 2026-09-30)"
2584,Kiruna,V,"S,V,ÖP",S,Majoritet,"Faktadriven-databasen: styre per kommun efter valet 2022 (hämtat 2026-09-30)"
