lankod,region,partier,ovrigt_parti,majmin,rso_parti,kalla
01,Region Stockholm,"C,S,MP",,Minoritet,S,"SKR: Styre i regioner efter valet 2022, uppdaterad 2026-06-30"
03,Region Uppsala,"C,S,V,MP",,Majoritet,S,"SKR: Styre i regioner efter valet 2022, uppdaterad 2026-06-30"
04,Region Sörmland,"M,C,KD,ÖP",Vård för pengarna,Minoritet,M,"SKR: Styre i regioner efter valet 2022, uppdaterad 2026-06-30"
05,Region Östergötland,"M,L,KD",,Minoritet,M,"SKR: Styre i regioner efter valet 2022, uppdaterad 2026-06-30"
06,Region Jönköpings län,"M,S,ÖP",Vårddemokraterna (tidigare Bevara Akutsjukhusen),Majoritet,S,"SKR: Styre i regioner efter valet 2022, uppdaterad 2026-06-30"
07,Region Kronoberg,"M,S",,Majoritet,S,"SKR: Styre i regioner efter valet 2022, uppdaterad 2026-06-30"
08,Region Kalmar län,"C,S,V",,Majoritet,S,"SKR: Styre i regioner efter valet 2022, uppdaterad 2026-06-30"
10,Region Blekinge,"M,KD,SD",,Majoritet,SD,"SKR: Styre i regioner efter valet 2022, uppdaterad 2026-06-30"
12,Region Skåne,"M,L,KD",,Minoritet,M,"SKR: Styre i regioner efter valet 2022, uppdaterad 2026-06-30"
13,Region Halland,"M,C,L,KD",,Minoritet,M,"SKR: Styre i regioner efter valet 2022, uppdaterad 2026-06-30"
14,Västra Götalandsregionen,"S,V,MP",,Minoritet,S,"SKR: Styre i regioner efter valet 2022, uppdaterad 2026-06-30"
17,Region Värmland,"C,S,V",,Majoritet,S,"SKR: Styre i regioner efter valet 2022, uppdaterad 2026-06-30"
18,Region Örebro län,"C,KD,S",,Minoritet,S,"SKR: Styre i regioner efter valet 2022, uppdaterad 2026-06-30"
19,Region Västmanland,"M,L,KD",,Minoritet,M,"SKR: Styre i regioner efter valet 2022, uppdaterad 2026-06-30"
20,Region Dalarna,"C,KD,S,ÖP",DSP,Majoritet,S,"SKR: Styre i regioner efter valet 2022, uppdaterad 2026-06-30"
21,Region Gävleborg,"M,KD,SD,ÖP",Sjukvårdspartiet Gävleborg,Majoritet,M,"SKR: Styre i regioner efter valet 2022, uppdaterad 2026-06-30"
22,Region Västernorrland,"M,C,S",,Majoritet,S,"SKR: Styre i regioner efter valet 2022, uppdaterad 2026-06-30"
23,Region Jämtland Härjedalen,"KD,S,V",,Majoritet,S,"SKR: Styre i regioner efter valet 2022, uppdaterad 2026-06-30"
24,Region Västerbotten,"S,V,MP",,Majoritet,S,"SKR: Styre i regioner efter valet 2022, uppdaterad 2026-06-30"
25,Region Norrbotten,"C,S,V",,Majoritet,S,"SKR: Styre i regioner efter valet 2022, uppdaterad 2026-06-30"
