valtyp,niva,kod,namn,roster,rostberattigade,valdeltagande_pct
RD,kommun,0114,,28268,35090,80.56
RD,kommun,0115,,22877,26044,87.84
RD,kommun,0117,,32156,36603,87.85
RD,kommun,0120,,31197,35029,89.06
RD,kommun,0123,,51424,63488,81.0
RD,kommun,0125,,19164,21192,90.43
RD,kommun,0126,,66135,79947,82.72
RD,kommun,0127,,49352,64931,76.01
RD,kommun,0128,,10567,12354,85.54
RD,kommun,0136,,56033,69619,80.49
RD,kommun,0138,,31961,36832,86.78
RD,kommun,0139,,18295,22338,81.9
RD,kommun,0140,,7907,9007,87.79
RD,kommun,0160,,52317,58881,88.85
RD,kommun,0162,,22684,25328,89.56
RD,kommun,0163,,47724,55721,85.65
RD,kommun,0180,,657346,765741,85.84
RD,kommun,0181,,51973,69640,74.63
RD,kommun,0182,,74030,83779,88.36
RD,kommun,0183,,34465,41446,83.16
RD,kommun,0184,,53716,63042,85.21
RD,kommun,0186,,32689,37097,88.12
RD,kommun,0187,,8442,9317,90.61
RD,kommun,0188,,45028,53266,84.53
RD,kommun,0191,,27969,35375,79.06
RD,kommun,0192,,18602,22420,82.97
RD,kommun,0305,,14568,17117,85.11
RD,kommun,0319,,6280,7437,84.44
RD,kommun,0330,,13556,15318,88.5
RD,kommun,0331,,9281,11041,84.06
RD,kommun,0360,,13817,16315,84.69
RD,kommun,0380,,164682,187828,87.68
RD,kommun,0381,,31358,36821,85.16
RD,kommun,0382,,15006,17626,85.14
RD,kommun,0428,,5868,6858,85.56
RD,kommun,0461,,7389,8607,85.85
RD,kommun,0480,,38936,45079,86.37
RD,kommun,0481,,7796,9334,83.52
RD,kommun,0482,,9713,11806,82.27
RD,kommun,0483,,22009,26374,83.45
RD,kommun,0484,,65532,80349,81.56
RD,kommun,0486,,25667,29830,86.04
RD,kommun,0488,,10059,11406,88.19
RD,kommun,0509,,3551,4118,86.23
RD,kommun,0512,,2582,2879,89.68
RD,kommun,0513,,6820,7769,87.78
RD,kommun,0560,,3773,4288,87.99
RD,kommun,0561,,7889,9088,86.81
RD,kommun,0562,,13989,16587,84.34
RD,kommun,0563,,5178,6140,84.33
RD,kommun,0580,,114207,130944,87.22
RD,kommun,0581,,93262,111995,83.27
RD,kommun,0582,,10129,11471,88.3
RD,kommun,0583,,28499,33713,84.53
RD,kommun,0584,,5441,6176,88.1
RD,kommun,0586,,19044,22048,86.38
RD,kommun,0604,,4582,5199,88.13
RD,kommun,0617,,5524,6746,81.89
RD,kommun,0642,,5031,5741,87.63
RD,kommun,0643,,8907,9718,91.65
RD,kommun,0662,,17565,21356,82.25
RD,kommun,0665,,9463,10953,86.4
RD,kommun,0680,,96802,112333,86.17
RD,kommun,0682,,19891,23552,84.46
RD,kommun,0683,,22377,26402,84.75
RD,kommun,0684,,7243,8435,85.87
RD,kommun,0685,,17601,20768,84.75
RD,kommun,0686,,11750,13650,86.08
RD,kommun,0687,,12287,14263,86.15
RD,kommun,0760,,5503,6527,84.31
RD,kommun,0761,,5018,5914,84.85
RD,kommun,0763,,7620,8985,84.81
RD,kommun,0764,,12539,14839,84.5
RD,kommun,0765,,10431,12335,84.56
RD,kommun,0767,,5976,7332,81.51
RD,kommun,0780,,64908,74399,87.24
RD,kommun,0781,,17876,21383,83.6
RD,kommun,0821,,3059,3740,81.79
RD,kommun,0834,,4800,5502,87.24
RD,kommun,0840,,11453,12798,89.49
RD,kommun,0860,,8172,9962,82.03
RD,kommun,0861,,8701,10110,86.06
RD,kommun,0862,,5625,6678,84.23
RD,kommun,0880,,48690,56273,86.52
RD,kommun,0881,,12755,15087,84.54
RD,kommun,0882,,17977,20952,85.8
RD,kommun,0883,,24451,29041,84.19
RD,kommun,0884,,10236,11955,85.62
RD,kommun,0885,,7865,9059,86.82
RD,kommun,0980,,42094,48457,86.87
RD,kommun,1060,,7977,9924,80.38
RD,kommun,1080,,45613,52206,87.37
RD,kommun,1081,,18903,22186,85.2
RD,kommun,1082,,21115,24947,84.64
RD,kommun,1083,,11984,14073,85.16
RD,kommun,1214,,8803,10421,84.47
RD,kommun,1230,,17622,19907,88.52
RD,kommun,1231,,10861,14158,76.71
RD,kommun,1233,,26641,29247,91.09
RD,kommun,1256,,8722,10408,83.8
RD,kommun,1257,,6387,7719,82.74
RD,kommun,1260,,9012,11431,78.84
RD,kommun,1261,,21768,24356,89.37
RD,kommun,1262,,17139,18647,91.91
RD,kommun,1263,,15160,17050,88.91
RD,kommun,1264,,10934,12860,85.02
RD,kommun,1265,,12611,14972,84.23
RD,kommun,1266,,10205,12058,84.63
RD,kommun,1267,,11504,13333,86.28
RD,kommun,1270,,8926,10609,84.14
RD,kommun,1272,,8181,9756,83.86
RD,kommun,1273,,8156,9766,83.51
RD,kommun,1275,,4072,5211,78.14
RD,kommun,1276,,10734,13206,81.28
RD,kommun,1277,,9212,11600,79.41
RD,kommun,1278,,11322,12980,87.23
RD,kommun,1280,,214802,268096,80.12
RD,kommun,1281,,88176,99997,88.18
RD,kommun,1282,,28587,35507,80.51
RD,kommun,1283,,93990,115614,81.3
RD,kommun,1284,,19341,22109,87.48
RD,kommun,1285,,21545,25785,83.56
RD,kommun,1286,,22462,26097,86.07
RD,kommun,1287,,30341,35937,84.43
RD,kommun,1290,,56032,66675,84.04
RD,kommun,1291,,13163,15620,84.27
RD,kommun,1292,,30545,35402,86.28
RD,kommun,1293,,33196,39888,83.22
RD,kommun,1315,,6064,7388,82.08
RD,kommun,1380,,69443,82261,84.42
RD,kommun,1381,,17571,20527,85.6
RD,kommun,1382,,31396,36900,85.08
RD,kommun,1383,,48188,54522,88.38
RD,kommun,1384,,59937,66543,90.07
RD,kommun,1401,,26370,29538,89.27
RD,kommun,1402,,25714,29898,86.01
RD,kommun,1407,,9504,10492,90.58
RD,kommun,1415,,18852,21386,88.15
RD,kommun,1419,,11397,12768,89.26
RD,kommun,1421,,10925,12459,87.69
RD,kommun,1427,,6659,7597,87.65
RD,kommun,1430,,6675,7935,84.12
RD,kommun,1435,,8804,10205,86.27
RD,kommun,1438,,2859,3455,82.75
RD,kommun,1439,,4192,4933,84.98
RD,kommun,1440,,20288,23859,85.03
RD,kommun,1441,,29072,32343,89.89
RD,kommun,1442,,8252,9377,88.0
RD,kommun,1443,,6583,7432,88.58
RD,kommun,1444,,3935,4515,87.15
RD,kommun,1445,,3715,4268,87.04
RD,kommun,1446,,5051,5696,88.68
RD,kommun,1447,,3223,3875,83.17
RD,kommun,1452,,7636,9011,84.74
RD,kommun,1460,,5702,6858,83.14
RD,kommun,1461,,5856,6953,84.22
RD,kommun,1462,,8750,10613,82.45
RD,kommun,1463,,23063,26950,85.58
RD,kommun,1465,,6768,8061,83.96
RD,kommun,1466,,6396,7356,86.95
RD,kommun,1470,,10442,12283,85.01
RD,kommun,1471,,9017,10309,87.47
RD,kommun,1472,,7405,8767,84.46
RD,kommun,1473,,5944,7070,84.07
RD,kommun,1480,,383254,463162,82.75
RD,kommun,1481,,47577,54361,87.52
RD,kommun,1482,,34700,38885,89.24
RD,kommun,1484,,9623,11182,86.06
RD,kommun,1485,,37296,43822,85.11
RD,kommun,1486,,7597,9423,80.62
RD,kommun,1487,,26532,31222,84.98
RD,kommun,1488,,38071,44949,84.7
RD,kommun,1489,,29111,33167,87.77
RD,kommun,1490,,72312,86880,83.23
RD,kommun,1491,,16505,19155,86.17
RD,kommun,1492,,7701,9279,82.99
RD,kommun,1493,,16716,19351,86.38
RD,kommun,1494,,28262,32096,88.05
RD,kommun,1495,,12120,14430,83.99
RD,kommun,1496,,38635,44934,85.98
RD,kommun,1497,,6440,7306,88.15
RD,kommun,1498,,8621,9919,86.91
RD,kommun,1499,,21776,25296,86.08
RD,kommun,1715,,8195,9332,87.82
RD,kommun,1730,,4411,5497,80.24
RD,kommun,1737,,7040,8619,81.68
RD,kommun,1760,,2523,2986,84.49
RD,kommun,1761,,11462,12675,90.43
RD,kommun,1762,,2205,2681,82.25
RD,kommun,1763,,7568,8710,86.89
RD,kommun,1764,,5736,6927,82.81
RD,kommun,1765,,5680,6910,82.2
RD,kommun,1766,,8748,10238,85.45
RD,kommun,1780,,68352,78923,86.61
RD,kommun,1781,,16028,18880,84.89
RD,kommun,1782,,5851,7410,78.96
RD,kommun,1783,,6878,8429,81.6
RD,kommun,1784,,16680,19740,84.5
RD,kommun,1785,,9623,11483,83.8
RD,kommun,1814,,5701,6415,88.87
RD,kommun,1860,,3579,4212,84.97
RD,kommun,1861,,10291,12096,85.08
RD,kommun,1862,,6223,7334,84.85
RD,kommun,1863,,3911,4833,80.92
RD,kommun,1864,,2745,3459,79.36
RD,kommun,1880,,107361,123979,86.6
RD,kommun,1881,,14725,16993,86.65
RD,kommun,1882,,7935,9171,86.52
RD,kommun,1883,,20276,23973,84.58
RD,kommun,1884,,7109,8342,85.22
RD,kommun,1885,,15187,17997,84.39
RD,kommun,1904,,2766,3357,82.39
RD,kommun,1907,,6150,7400,83.11
RD,kommun,1960,,5519,6528,84.54
RD,kommun,1961,,10376,12488,83.09
RD,kommun,1962,,3533,4223,83.66
RD,kommun,1980,,101862,121802,83.63
RD,kommun,1981,,15170,17627,86.06
RD,kommun,1982,,7734,9608,80.5
RD,kommun,1983,,16218,19776,82.01
RD,kommun,1984,,9286,10995,84.46
RD,kommun,2021,,4376,5332,82.07
RD,kommun,2023,,6824,7999,85.31
RD,kommun,2026,,6913,8023,86.16
RD,kommun,2029,,11273,12907,87.34
RD,kommun,2031,,7750,9091,85.25
RD,kommun,2034,,4673,5614,83.24
RD,kommun,2039,,4551,5399,84.29
RD,kommun,2061,,7354,8643,85.09
RD,kommun,2062,,13854,16334,84.82
RD,kommun,2080,,40912,46903,87.23
RD,kommun,2081,,33241,39713,83.7
RD,kommun,2082,,7700,8830,87.2
RD,kommun,2083,,9777,11836,82.6
RD,kommun,2084,,14613,17400,83.98
RD,kommun,2085,,16359,19689,83.09
RD,kommun,2101,,3956,4611,85.79
RD,kommun,2104,,5935,7242,81.95
RD,kommun,2121,,7473,8918,83.8
RD,kommun,2132,,5954,7232,82.33
RD,kommun,2161,,12216,14732,82.92
RD,kommun,2180,,68643,80625,85.14
RD,kommun,2181,,24717,29348,84.22
RD,kommun,2182,,15902,19229,82.7
RD,kommun,2183,,16941,20575,82.34
RD,kommun,2184,,24965,29851,83.63
RD,kommun,2260,,5886,7182,81.95
RD,kommun,2262,,11764,13869,84.82
RD,kommun,2280,,16099,18996,84.75
RD,kommun,2281,,66636,78156,85.26
RD,kommun,2282,,11272,13671,82.45
RD,kommun,2283,,11831,14136,83.69
RD,kommun,2284,,37353,43552,85.77
RD,kommun,2303,,3246,3950,82.18
RD,kommun,2305,,3783,4703,80.44
RD,kommun,2309,,10302,11851,86.93
RD,kommun,2313,,7127,8508,83.77
RD,kommun,2321,,8405,9666,86.95
RD,kommun,2326,,4628,5539,83.55
RD,kommun,2361,,6740,8042,83.81
RD,kommun,2380,,43689,51074,85.54
RD,kommun,2401,,4556,5518,82.57
RD,kommun,2403,,1472,1798,81.87
RD,kommun,2404,,3432,4099,83.73
RD,kommun,2409,,4356,5169,84.27
RD,kommun,2417,,2367,2888,81.96
RD,kommun,2418,,1721,2135,80.61
RD,kommun,2421,,3528,4421,79.8
RD,kommun,2422,,1493,1787,83.55
RD,kommun,2425,,1453,1796,80.9
RD,kommun,2460,,5779,6881,83.98
RD,kommun,2462,,4101,4943,82.97
RD,kommun,2463,,1682,2024,83.1
RD,kommun,2480,,90033,103674,86.84
RD,kommun,2481,,7647,9284,82.37
RD,kommun,2482,,49161,57288,85.81
RD,kommun,2505,,3956,4719,83.83
RD,kommun,2506,,1726,2054,84.03
RD,kommun,2510,,2930,3664,79.97
RD,kommun,2513,,2005,2473,81.08
RD,kommun,2514,,10107,12225,82.67
RD,kommun,2518,,2358,3096,76.16
RD,kommun,2521,,3503,4441,78.88
RD,kommun,2523,,10795,13352,80.85
RD,kommun,2560,,5005,6011,83.26
RD,kommun,2580,,54251,62920,86.22
RD,kommun,2581,,29138,33537,86.88
RD,kommun,2582,,18406,21761,84.58
RD,kommun,2583,,4358,6341,68.73
RD,kommun,2584,,13609,16724,81.37
RD,län,01,,1552321,1833527,84.66
RD,län,03,,268548,309503,86.77
RD,län,04,,192969,229643,84.03
RD,län,05,,314364,367216,85.61
RD,län,06,,239023,279116,85.64
RD,län,07,,129871,151714,85.6
RD,län,08,,163784,191157,85.68
RD,län,09,,42094,48457,86.87
RD,län,10,,105592,123336,85.61
RD,län,12,,900152,1076422,83.62
RD,län,13,,232599,268141,86.75
RD,län,14,,1151898,1355081,85.01
RD,län,17,,186980,219440,85.21
RD,län,18,,205043,238804,85.86
RD,län,19,,178614,213804,83.54
RD,län,20,,190170,223713,85.01
RD,län,21,,186702,222363,83.96
RD,län,22,,160841,189562,84.85
RD,län,23,,87920,103333,85.08
RD,län,24,,182781,213705,85.53
RD,län,25,,162147,193318,83.88
RF,region,01,Stockholm,1580905,1952228,80.98
RF,region,03,Uppsala,272157,323851,84.04
RF,region,04,Södermanland,193415,237375,81.48
RF,region,05,Östergötland,315018,376924,83.58
RF,region,06,Jönköping,239958,289888,82.78
RF,region,07,Kronoberg,131865,159382,82.74
RF,region,08,Kalmar,163713,197431,82.92
RF,region,10,Blekinge,105894,126174,83.93
RF,region,12,Skåne,912529,1126997,80.97
RF,region,13,Halland,231344,273577,84.56
RF,region,14,Västra Götaland,1161499,1409165,82.42
RF,region,17,Värmland,187996,228747,82.19
RF,region,18,Örebro,206812,245276,84.32
RF,region,19,Västmanland,179692,222010,80.94
RF,region,20,Dalarna,190304,229598,82.89
RF,region,21,Gävleborg,187089,228691,81.81
RF,region,22,Västernorrland,160761,194230,82.77
RF,region,23,Jämtland,87523,106329,82.31
RF,region,24,Västerbotten,184329,221918,83.06
RF,region,25,Norrbotten,162703,201978,80.55
RF,kommun,0114,Upplands Väsby,29355,38780,75.7
RF,kommun,0115,Vallentuna,23051,27206,84.73
RF,kommun,0117,Österåker,32411,38485,84.22
RF,kommun,0120,Värmdö,31431,36134,86.98
RF,kommun,0123,Järfälla,53263,69611,76.52
RF,kommun,0125,Ekerö,19184,21860,87.76
RF,kommun,0126,Huddinge,67786,86927,77.98
RF,kommun,0127,Botkyrka,51867,73467,70.6
RF,kommun,0128,Salem,10688,13015,82.12
RF,kommun,0136,Haninge,57891,77516,74.68
RF,kommun,0138,Tyresö,32306,38355,84.23
RF,kommun,0139,Upplands-Bro,19227,25079,76.67
RF,kommun,0140,Nykvarn,7933,9425,84.17
RF,kommun,0160,Täby,52699,61000,86.39
RF,kommun,0162,Danderyd,22485,25334,88.75
RF,kommun,0163,Sollentuna,48974,59979,81.65
RF,kommun,0180,Stockholm,665311,802374,82.92
RF,kommun,0181,Södertälje,54457,79207,68.75
RF,kommun,0182,Nacka,74781,87258,85.7
RF,kommun,0183,Sundbyberg,35700,45352,78.72
RF,kommun,0184,Solna,55874,69746,80.11
RF,kommun,0186,Lidingö,32464,37515,86.54
RF,kommun,0187,Vaxholm,8359,9393,88.99
RF,kommun,0188,Norrtälje,45112,55138,81.82
RF,kommun,0191,Sigtuna,29490,39958,73.8
RF,kommun,0192,Nynäshamn,18806,24114,77.99
RF,kommun,0305,Håbo,14704,17947,81.93
RF,kommun,0319,Älvkarleby,6263,7600,82.41
RF,kommun,0330,Knivsta,13878,16227,85.52
RF,kommun,0331,Heby,9294,11452,81.16
RF,kommun,0360,Tierp,13861,16803,82.49
RF,kommun,0380,Uppsala,167749,197645,84.87
RF,kommun,0381,Enköping,31355,38194,82.09
RF,kommun,0382,Östhammar,15053,17983,83.71
RF,kommun,0428,Vingåker,5844,6994,83.56
RF,kommun,0461,Gnesta,7397,8912,83.0
RF,kommun,0480,Nyköping,39028,46254,84.38
RF,kommun,0481,Oxelösund,7888,9622,81.98
RF,kommun,0482,Flen,9737,12228,79.63
RF,kommun,0483,Katrineholm,22029,26919,81.83
RF,kommun,0484,Eskilstuna,65853,83609,78.76
RF,kommun,0486,Strängnäs,25601,31033,82.5
RF,kommun,0488,Trosa,10038,11804,85.04
RF,kommun,0509,Ödeshög,3537,4258,83.07
RF,kommun,0512,Ydre,2557,2967,86.18
RF,kommun,0513,Kinda,6745,7932,85.04
RF,kommun,0560,Boxholm,3763,4399,85.54
RF,kommun,0561,Åtvidaberg,7825,9199,85.06
RF,kommun,0562,Finspång,13946,17166,81.24
RF,kommun,0563,Valdemarsvik,5206,6243,83.39
RF,kommun,0580,Linköping,115109,134857,85.36
RF,kommun,0581,Norrköping,93424,114923,81.29
RF,kommun,0582,Söderköping,10050,11573,86.84
RF,kommun,0583,Motala,28431,34523,82.35
RF,kommun,0584,Vadstena,5432,6247,86.95
RF,kommun,0586,Mjölby,18993,22637,83.9
RF,kommun,0604,Aneby,4600,5368,85.69
RF,kommun,0617,Gnosjö,5535,7177,77.12
RF,kommun,0642,Mullsjö,5050,5915,85.38
RF,kommun,0643,Habo,8830,9871,89.45
RF,kommun,0662,Gislaved,17679,22500,78.57
RF,kommun,0665,Vaggeryd,9533,11490,82.97
RF,kommun,0680,Jönköping,97378,116519,83.57
RF,kommun,0682,Nässjö,20045,24547,81.66
RF,kommun,0683,Värnamo,22340,27291,81.86
RF,kommun,0684,Sävsjö,7311,8893,82.21
RF,kommun,0685,Vetlanda,17577,21546,81.58
RF,kommun,0686,Eksjö,11803,14080,83.83
RF,kommun,0687,Tranås,12277,14691,83.57
RF,kommun,0760,Uppvidinge,5621,7090,79.28
RF,kommun,0761,Lessebo,5143,6300,81.63
RF,kommun,0763,Tingsryd,7790,9728,80.08
RF,kommun,0764,Alvesta,12625,15382,82.08
RF,kommun,0765,Älmhult,10809,13315,81.18
RF,kommun,0767,Markaryd,6098,7867,77.51
RF,kommun,0780,Växjö,65730,76996,85.37
RF,kommun,0781,Ljungby,18049,22704,79.5
RF,kommun,0821,Högsby,3232,4194,77.06
RF,kommun,0834,Torsås,4798,5706,84.09
RF,kommun,0840,Mörbylånga,11358,12951,87.7
RF,kommun,0860,Hultsfred,8322,10789,77.13
RF,kommun,0861,Mönsterås,8648,10463,82.65
RF,kommun,0862,Emmaboda,5658,7151,79.12
RF,kommun,0880,Kalmar,48713,57790,84.29
RF,kommun,0881,Nybro,12738,15774,80.75
RF,kommun,0882,Oskarshamn,18006,21448,83.95
RF,kommun,0883,Västervik,24243,29610,81.87
RF,kommun,0884,Vimmerby,10207,12328,82.8
RF,kommun,0885,Borgholm,7790,9227,84.43
RF,kommun,1060,Olofström,8070,10395,77.63
RF,kommun,1080,Karlskrona,45757,53183,86.04
RF,kommun,1081,Ronneby,18946,22748,83.29
RF,kommun,1082,Karlshamn,21171,25528,82.93
RF,kommun,1083,Sölvesborg,11950,14320,83.45
RF,kommun,1214,Svalöv,8889,11091,80.15
RF,kommun,1230,Staffanstorp,17677,20418,86.58
RF,kommun,1231,Burlöv,11184,15443,72.42
RF,kommun,1233,Vellinge,26397,29227,90.32
RF,kommun,1256,Östra Göinge,8730,10783,80.96
RF,kommun,1257,Örkelljunga,6409,8253,77.66
RF,kommun,1260,Bjuv,9131,12418,73.53
RF,kommun,1261,Kävlinge,21794,24939,87.39
RF,kommun,1262,Lomma,17008,18697,90.97
RF,kommun,1263,Svedala,15163,17429,87.0
RF,kommun,1264,Skurup,10947,13422,81.56
RF,kommun,1265,Sjöbo,12625,15603,80.91
RF,kommun,1266,Hörby,10264,12485,82.21
RF,kommun,1267,Höör,11556,13716,84.25
RF,kommun,1270,Tomelilla,8933,11041,80.91
RF,kommun,1272,Bromölla,8219,10020,82.03
RF,kommun,1273,Osby,8200,10187,80.49
RF,kommun,1275,Perstorp,4098,5561,73.69
RF,kommun,1276,Klippan,10784,14118,76.38
RF,kommun,1277,Åstorp,9396,12541,74.92
RF,kommun,1278,Båstad,11115,13204,84.18
RF,kommun,1280,Malmö,223122,288307,77.39
RF,kommun,1281,Lund,89356,105382,84.79
RF,kommun,1282,Landskrona,28965,37352,77.55
RF,kommun,1283,Helsingborg,95412,119937,79.55
RF,kommun,1284,Höganäs,19214,22713,84.59
RF,kommun,1285,Eslöv,21939,27143,80.83
RF,kommun,1286,Ystad,22285,26371,84.51
RF,kommun,1287,Trelleborg,30576,37524,81.48
RF,kommun,1290,Kristianstad,56124,68266,82.21
RF,kommun,1291,Simrishamn,13138,15876,82.75
RF,kommun,1292,Ängelholm,30526,36119,84.52
RF,kommun,1293,Hässleholm,33353,41411,80.54
RF,kommun,1315,Hylte,6139,7899,77.72
RF,kommun,1380,Halmstad,69235,84108,82.32
RF,kommun,1381,Laholm,17581,21151,83.12
RF,kommun,1382,Falkenberg,31198,37679,82.8
RF,kommun,1383,Varberg,47837,55592,86.05
RF,kommun,1384,Kungsbacka,59354,67148,88.39
RF,kommun,1401,Härryda,26527,30233,87.74
RF,kommun,1402,Partille,25881,31099,83.22
RF,kommun,1407,Öckerö,9466,10525,89.94
RF,kommun,1415,Stenungsund,18654,21813,85.52
RF,kommun,1419,Tjörn,11314,12975,87.2
RF,kommun,1421,Orust,10648,12704,83.82
RF,kommun,1427,Sotenäs,6530,7756,84.19
RF,kommun,1430,Munkedal,6704,8228,81.48
RF,kommun,1435,Tanum,8704,10450,83.29
RF,kommun,1438,Dals-Ed,2874,3718,77.3
RF,kommun,1439,Färgelanda,4204,5064,83.02
RF,kommun,1440,Ale,20442,24737,82.64
RF,kommun,1441,Lerum,28936,32756,88.34
RF,kommun,1442,Vårgårda,8337,9666,86.25
RF,kommun,1443,Bollebygd,6503,7604,85.52
RF,kommun,1444,Grästorp,3908,4598,84.99
RF,kommun,1445,Essunga,3707,4393,84.38
RF,kommun,1446,Karlsborg,4998,5861,85.28
RF,kommun,1447,Gullspång,3243,4158,77.99
RF,kommun,1452,Tranemo,7648,9398,81.38
RF,kommun,1460,Bengtsfors,5728,7394,77.47
RF,kommun,1461,Mellerud,5902,7330,80.52
RF,kommun,1462,Lilla Edet,8787,11174,78.64
RF,kommun,1463,Mark,22855,27764,82.32
RF,kommun,1465,Svenljunga,6697,8428,79.46
RF,kommun,1466,Herrljunga,6429,7631,84.25
RF,kommun,1470,Vara,10352,12895,80.28
RF,kommun,1471,Götene,8965,10577,84.76
RF,kommun,1472,Tibro,7410,8988,82.44
RF,kommun,1473,Töreboda,5992,7384,81.15
RF,kommun,1480,Göteborg,391652,490188,79.9
RF,kommun,1481,Mölndal,48368,56609,85.44
RF,kommun,1482,Kungälv,34686,39525,87.76
RF,kommun,1484,Lysekil,9487,11391,83.29
RF,kommun,1485,Uddevalla,37171,44748,83.07
RF,kommun,1486,Strömstad,7891,10687,73.84
RF,kommun,1487,Vänersborg,26338,31921,82.51
RF,kommun,1488,Trollhättan,38489,46304,83.12
RF,kommun,1489,Alingsås,28922,33688,85.85
RF,kommun,1490,Borås,73322,90596,80.93
RF,kommun,1491,Ulricehamn,16455,19801,83.1
RF,kommun,1492,Åmål,7607,9461,80.4
RF,kommun,1493,Mariestad,16713,19817,84.34
RF,kommun,1494,Lidköping,28192,32579,86.53
RF,kommun,1495,Skara,12227,14927,81.91
RF,kommun,1496,Skövde,38822,46150,84.12
RF,kommun,1497,Hjo,6378,7459,85.51
RF,kommun,1498,Tidaholm,8580,10163,84.42
RF,kommun,1499,Falköping,21854,25850,84.54
RF,kommun,1715,Kil,8153,9476,86.04
RF,kommun,1730,Eda,4676,6597,70.88
RF,kommun,1737,Torsby,7104,9336,76.09
RF,kommun,1760,Storfors,2509,3133,80.08
RF,kommun,1761,Hammarö,11443,12730,89.89
RF,kommun,1762,Munkfors,2252,2992,75.27
RF,kommun,1763,Forshaga,7557,8864,85.25
RF,kommun,1764,Grums,5776,7197,80.26
RF,kommun,1765,Årjäng,5875,7911,74.26
RF,kommun,1766,Sunne,8867,10773,82.31
RF,kommun,1780,Karlstad,68372,80400,85.04
RF,kommun,1781,Kristinehamn,16068,19367,82.97
RF,kommun,1782,Filipstad,5921,7892,75.03
RF,kommun,1783,Hagfors,7044,9454,74.51
RF,kommun,1784,Arvika,16678,20571,81.08
RF,kommun,1785,Säffle,9701,12054,80.48
RF,kommun,1814,Lekeberg,5717,6514,87.76
RF,kommun,1860,Laxå,3610,4410,81.86
RF,kommun,1861,Hallsberg,10386,12606,82.39
RF,kommun,1862,Degerfors,6232,7544,82.61
RF,kommun,1863,Hällefors,3987,5124,77.81
RF,kommun,1864,Ljusnarsberg,2793,3663,76.25
RF,kommun,1880,Örebro,108731,127169,85.5
RF,kommun,1881,Kumla,14754,17432,84.64
RF,kommun,1882,Askersund,7934,9355,84.81
RF,kommun,1883,Karlskoga,20275,24453,82.91
RF,kommun,1884,Nora,7121,8521,83.57
RF,kommun,1885,Lindesberg,15272,18485,82.62
RF,kommun,1904,Skinnskatteberg,2731,3502,77.98
RF,kommun,1907,Surahammar,6184,7709,80.22
RF,kommun,1960,Kungsör,5529,6706,82.45
RF,kommun,1961,Hallstahammar,10430,13013,80.15
RF,kommun,1962,Norberg,3449,4311,80.0
RF,kommun,1980,Västerås,102934,126854,81.14
RF,kommun,1981,Sala,15144,18070,83.81
RF,kommun,1982,Fagersta,7751,10135,76.48
RF,kommun,1983,Köping,16245,20467,79.37
RF,kommun,1984,Arboga,9295,11243,82.67
RF,kommun,2021,Vansbro,4425,5516,80.22
RF,kommun,2023,Malung-Sälen,6895,8410,81.99
RF,kommun,2026,Gagnef,6824,8072,84.54
RF,kommun,2029,Leksand,11190,13157,85.05
RF,kommun,2031,Rättvik,7701,9250,83.25
RF,kommun,2034,Orsa,4687,5757,81.41
RF,kommun,2039,Älvdalen,4543,5639,80.56
RF,kommun,2061,Smedjebacken,7258,8809,82.39
RF,kommun,2062,Mora,13784,16747,82.31
RF,kommun,2080,Falun,40953,47540,86.14
RF,kommun,2081,Borlänge,33488,40643,82.4
RF,kommun,2082,Säter,7665,8986,85.3
RF,kommun,2083,Hedemora,9666,12185,79.33
RF,kommun,2084,Avesta,14635,17935,81.6
RF,kommun,2085,Ludvika,16590,20952,79.18
RF,kommun,2101,Ockelbo,3963,4726,83.86
RF,kommun,2104,Hofors,5931,7419,79.94
RF,kommun,2121,Ovanåker,7463,9040,82.56
RF,kommun,2132,Nordanstig,5889,7430,79.26
RF,kommun,2161,Ljusdal,12175,15018,81.07
RF,kommun,2180,Gävle,69016,83268,82.88
RF,kommun,2181,Sandviken,24768,30740,80.57
RF,kommun,2182,Söderhamn,16031,19677,81.47
RF,kommun,2183,Bollnäs,16931,20987,80.67
RF,kommun,2184,Hudiksvall,24922,30386,82.02
RF,kommun,2260,Ånge,5829,7359,79.21
RF,kommun,2262,Timrå,11642,14118,82.46
RF,kommun,2280,Härnösand,16153,19480,82.92
RF,kommun,2281,Sundsvall,66478,79856,83.25
RF,kommun,2282,Kramfors,11425,14349,79.62
RF,kommun,2283,Sollefteå,11987,14724,81.41
RF,kommun,2284,Örnsköldsvik,37247,44344,84.0
RF,kommun,2303,Ragunda,3302,4173,79.13
RF,kommun,2305,Bräcke,3819,4958,77.03
RF,kommun,2309,Krokom,10186,12109,84.12
RF,kommun,2313,Strömsund,7178,8953,80.17
RF,kommun,2321,Åre,8306,9969,83.32
RF,kommun,2326,Berg,4614,5708,80.83
RF,kommun,2361,Härjedalen,6600,8388,78.68
RF,kommun,2380,Östersund,43518,52071,83.57
RF,kommun,2401,Nordmaling,4533,5628,80.54
RF,kommun,2403,Bjurholm,1477,1871,78.94
RF,kommun,2404,Vindeln,3459,4297,80.5
RF,kommun,2409,Robertsfors,4343,5361,81.01
RF,kommun,2417,Norsjö,2371,3052,77.69
RF,kommun,2418,Malå,1758,2313,76.01
RF,kommun,2421,Storuman,3515,4573,76.86
RF,kommun,2422,Sorsele,1509,1935,77.98
RF,kommun,2425,Dorotea,1449,1844,78.58
RF,kommun,2460,Vännäs,5732,7034,81.49
RF,kommun,2462,Vilhelmina,4103,5055,81.17
RF,kommun,2463,Åsele,1696,2177,77.91
RF,kommun,2480,Umeå,90987,107448,84.68
RF,kommun,2481,Lycksele,7657,9614,79.64
RF,kommun,2482,Skellefteå,49740,59716,83.29
RF,kommun,2505,Arvidsjaur,3967,4963,79.93
RF,kommun,2506,Arjeplog,1700,2144,79.29
RF,kommun,2510,Jokkmokk,2938,3871,75.9
RF,kommun,2513,Överkalix,1976,2668,74.06
RF,kommun,2514,Kalix,10092,12688,79.54
RF,kommun,2518,Övertorneå,2413,3365,71.71
RF,kommun,2521,Pajala,3528,4660,75.71
RF,kommun,2523,Gällivare,10741,13885,77.36
RF,kommun,2560,Älvsbyn,4988,6272,79.53
RF,kommun,2580,Luleå,54453,65232,83.48
RF,kommun,2581,Piteå,29179,34123,85.51
RF,kommun,2582,Boden,18557,22777,81.47
RF,kommun,2583,Haparanda,4550,7367,61.76
RF,kommun,2584,Kiruna,13621,17963,75.83
KF,kommun,0114,Upplands Väsby,29484,38780,76.03
KF,kommun,0115,Vallentuna,23079,27206,84.83
KF,kommun,0117,Österåker,32533,38485,84.53
KF,kommun,0120,Värmdö,31550,36134,87.31
KF,kommun,0123,Järfälla,53338,69611,76.62
KF,kommun,0125,Ekerö,19234,21860,87.99
KF,kommun,0126,Huddinge,67934,86927,78.15
KF,kommun,0127,Botkyrka,52125,73467,70.95
KF,kommun,0128,Salem,10769,13015,82.74
KF,kommun,0136,Haninge,57951,77516,74.76
KF,kommun,0138,Tyresö,32368,38355,84.39
KF,kommun,0139,Upplands-Bro,19283,25079,76.89
KF,kommun,0140,Nykvarn,7986,9425,84.73
KF,kommun,0160,Täby,52773,61000,86.51
KF,kommun,0162,Danderyd,22545,25334,88.99
KF,kommun,0163,Sollentuna,49027,59979,81.74
KF,kommun,0180,Stockholm,665531,802374,82.95
KF,kommun,0181,Södertälje,54772,79207,69.15
KF,kommun,0182,Nacka,74798,87258,85.72
KF,kommun,0183,Sundbyberg,35804,45352,78.95
KF,kommun,0184,Solna,56003,69746,80.3
KF,kommun,0186,Lidingö,32578,37515,86.84
KF,kommun,0187,Vaxholm,8402,9393,89.45
KF,kommun,0188,Norrtälje,45331,55138,82.21
KF,kommun,0191,Sigtuna,29625,39958,74.14
KF,kommun,0192,Nynäshamn,18936,24114,78.53
KF,kommun,0305,Håbo,14738,17947,82.12
KF,kommun,0319,Älvkarleby,6299,7600,82.88
KF,kommun,0330,Knivsta,13915,16227,85.75
KF,kommun,0331,Heby,9326,11452,81.44
KF,kommun,0360,Tierp,13904,16803,82.75
KF,kommun,0380,Uppsala,167989,197645,85.0
KF,kommun,0381,Enköping,31498,38194,82.47
KF,kommun,0382,Östhammar,15076,17983,83.83
KF,kommun,0428,Vingåker,5888,6994,84.19
KF,kommun,0461,Gnesta,7445,8912,83.54
KF,kommun,0480,Nyköping,39117,46254,84.57
KF,kommun,0481,Oxelösund,7924,9622,82.35
KF,kommun,0482,Flen,9772,12228,79.91
KF,kommun,0483,Katrineholm,22114,26919,82.15
KF,kommun,0484,Eskilstuna,66078,83609,79.03
KF,kommun,0486,Strängnäs,25782,31033,83.08
KF,kommun,0488,Trosa,10107,11804,85.62
KF,kommun,0509,Ödeshög,3552,4258,83.42
KF,kommun,0512,Ydre,2578,2967,86.89
KF,kommun,0513,Kinda,6811,7932,85.87
KF,kommun,0560,Boxholm,3781,4399,85.95
KF,kommun,0561,Åtvidaberg,7863,9199,85.48
KF,kommun,0562,Finspång,14052,17166,81.86
KF,kommun,0563,Valdemarsvik,5218,6243,83.58
KF,kommun,0580,Linköping,115197,134857,85.42
KF,kommun,0581,Norrköping,93644,114923,81.48
KF,kommun,0582,Söderköping,10107,11573,87.33
KF,kommun,0583,Motala,28571,34523,82.76
KF,kommun,0584,Vadstena,5469,6247,87.55
KF,kommun,0586,Mjölby,19063,22637,84.21
KF,kommun,0604,Aneby,4629,5368,86.23
KF,kommun,0617,Gnosjö,5562,7177,77.5
KF,kommun,0642,Mullsjö,5068,5915,85.68
KF,kommun,0643,Habo,8875,9871,89.91
KF,kommun,0662,Gislaved,17843,22500,79.3
KF,kommun,0665,Vaggeryd,9581,11490,83.39
KF,kommun,0680,Jönköping,97520,116519,83.69
KF,kommun,0682,Nässjö,20140,24547,82.05
KF,kommun,0683,Värnamo,22442,27291,82.23
KF,kommun,0684,Sävsjö,7354,8893,82.69
KF,kommun,0685,Vetlanda,17706,21546,82.18
KF,kommun,0686,Eksjö,11812,14080,83.89
KF,kommun,0687,Tranås,12359,14691,84.13
KF,kommun,0760,Uppvidinge,5654,7090,79.75
KF,kommun,0761,Lessebo,5158,6300,81.87
KF,kommun,0763,Tingsryd,7841,9728,80.6
KF,kommun,0764,Alvesta,12708,15382,82.62
KF,kommun,0765,Älmhult,10835,13315,81.37
KF,kommun,0767,Markaryd,6110,7867,77.67
KF,kommun,0780,Växjö,65788,76996,85.44
KF,kommun,0781,Ljungby,18092,22704,79.69
KF,kommun,0821,Högsby,3241,4194,77.28
KF,kommun,0834,Torsås,4824,5706,84.54
KF,kommun,0840,Mörbylånga,11393,12951,87.97
KF,kommun,0860,Hultsfred,8380,10789,77.67
KF,kommun,0861,Mönsterås,8721,10463,83.35
KF,kommun,0862,Emmaboda,5708,7151,79.82
KF,kommun,0880,Kalmar,48882,57790,84.59
KF,kommun,0881,Nybro,12830,15774,81.34
KF,kommun,0882,Oskarshamn,18038,21448,84.1
KF,kommun,0883,Västervik,24387,29610,82.36
KF,kommun,0884,Vimmerby,10253,12328,83.17
KF,kommun,0885,Borgholm,7864,9227,85.23
KF,kommun,0980,Gotland,41719,49469,84.33
KF,kommun,1060,Olofström,8099,10395,77.91
KF,kommun,1080,Karlskrona,45751,53183,86.03
KF,kommun,1081,Ronneby,19063,22748,83.8
KF,kommun,1082,Karlshamn,21188,25528,83.0
KF,kommun,1083,Sölvesborg,11996,14320,83.77
KF,kommun,1214,Svalöv,8904,11091,80.28
KF,kommun,1230,Staffanstorp,17711,20418,86.74
KF,kommun,1231,Burlöv,11203,15443,72.54
KF,kommun,1233,Vellinge,26466,29227,90.55
KF,kommun,1256,Östra Göinge,8798,10783,81.59
KF,kommun,1257,Örkelljunga,6446,8253,78.1
KF,kommun,1260,Bjuv,9123,12418,73.47
KF,kommun,1261,Kävlinge,21887,24939,87.76
KF,kommun,1262,Lomma,17071,18697,91.3
KF,kommun,1263,Svedala,15165,17429,87.01
KF,kommun,1264,Skurup,11001,13422,81.96
KF,kommun,1265,Sjöbo,12655,15603,81.11
KF,kommun,1266,Hörby,10298,12485,82.48
KF,kommun,1267,Höör,11584,13716,84.46
KF,kommun,1270,Tomelilla,8969,11041,81.23
KF,kommun,1272,Bromölla,8246,10020,82.3
KF,kommun,1273,Osby,8246,10187,80.95
KF,kommun,1275,Perstorp,4122,5561,74.12
KF,kommun,1276,Klippan,10811,14118,76.58
KF,kommun,1277,Åstorp,9341,12541,74.48
KF,kommun,1278,Båstad,11211,13204,84.91
KF,kommun,1280,Malmö,223107,288307,77.39
KF,kommun,1281,Lund,89426,105382,84.86
KF,kommun,1282,Landskrona,29134,37352,78.0
KF,kommun,1283,Helsingborg,95468,119937,79.6
KF,kommun,1284,Höganäs,19344,22713,85.17
KF,kommun,1285,Eslöv,21946,27143,80.85
KF,kommun,1286,Ystad,22380,26371,84.87
KF,kommun,1287,Trelleborg,30638,37524,81.65
KF,kommun,1290,Kristianstad,56234,68266,82.37
KF,kommun,1291,Simrishamn,13172,15876,82.97
KF,kommun,1292,Ängelholm,30565,36119,84.62
KF,kommun,1293,Hässleholm,33488,41411,80.87
KF,kommun,1315,Hylte,6168,7899,78.09
KF,kommun,1380,Halmstad,69453,84108,82.58
KF,kommun,1381,Laholm,17623,21151,83.32
KF,kommun,1382,Falkenberg,31374,37679,83.27
KF,kommun,1383,Varberg,48112,55592,86.54
KF,kommun,1384,Kungsbacka,59599,67148,88.76
KF,kommun,1401,Härryda,26550,30233,87.82
KF,kommun,1402,Partille,26011,31099,83.64
KF,kommun,1407,Öckerö,9519,10525,90.44
KF,kommun,1415,Stenungsund,18773,21813,86.06
KF,kommun,1419,Tjörn,11356,12975,87.52
KF,kommun,1421,Orust,10849,12704,85.4
KF,kommun,1427,Sotenäs,6633,7756,85.52
KF,kommun,1430,Munkedal,6726,8228,81.75
KF,kommun,1435,Tanum,8764,10450,83.87
KF,kommun,1438,Dals-Ed,2892,3718,77.78
KF,kommun,1439,Färgelanda,4219,5064,83.31
KF,kommun,1440,Ale,20555,24737,83.09
KF,kommun,1441,Lerum,29050,32756,88.69
KF,kommun,1442,Vårgårda,8358,9666,86.47
KF,kommun,1443,Bollebygd,6556,7604,86.22
KF,kommun,1444,Grästorp,3943,4598,85.75
KF,kommun,1445,Essunga,3742,4393,85.18
KF,kommun,1446,Karlsborg,5036,5861,85.92
KF,kommun,1447,Gullspång,3272,4158,78.69
KF,kommun,1452,Tranemo,7685,9398,81.77
KF,kommun,1460,Bengtsfors,5823,7394,78.75
KF,kommun,1461,Mellerud,5962,7330,81.34
KF,kommun,1462,Lilla Edet,8845,11174,79.16
KF,kommun,1463,Mark,22988,27764,82.8
KF,kommun,1465,Svenljunga,6765,8428,80.27
KF,kommun,1466,Herrljunga,6437,7631,84.35
KF,kommun,1470,Vara,10443,12895,80.98
KF,kommun,1471,Götene,9030,10577,85.37
KF,kommun,1472,Tibro,7452,8988,82.91
KF,kommun,1473,Töreboda,6007,7384,81.35
KF,kommun,1480,Göteborg,392386,490188,80.05
KF,kommun,1481,Mölndal,48464,56609,85.61
KF,kommun,1482,Kungälv,34781,39525,88.0
KF,kommun,1484,Lysekil,9579,11391,84.09
KF,kommun,1485,Uddevalla,37479,44748,83.76
KF,kommun,1486,Strömstad,7951,10687,74.4
KF,kommun,1487,Vänersborg,26541,31921,83.15
KF,kommun,1488,Trollhättan,38586,46304,83.33
KF,kommun,1489,Alingsås,29125,33688,86.46
KF,kommun,1490,Borås,73368,90596,80.98
KF,kommun,1491,Ulricehamn,16575,19801,83.71
KF,kommun,1492,Åmål,7725,9461,81.65
KF,kommun,1493,Mariestad,16807,19817,84.81
KF,kommun,1494,Lidköping,28317,32579,86.92
KF,kommun,1495,Skara,12308,14927,82.45
KF,kommun,1496,Skövde,38899,46150,84.29
KF,kommun,1497,Hjo,6425,7459,86.14
KF,kommun,1498,Tidaholm,8635,10163,84.97
KF,kommun,1499,Falköping,21933,25850,84.85
KF,kommun,1715,Kil,8165,9476,86.17
KF,kommun,1730,Eda,4689,6597,71.08
KF,kommun,1737,Torsby,7183,9336,76.94
KF,kommun,1760,Storfors,2538,3133,81.01
KF,kommun,1761,Hammarö,11484,12730,90.21
KF,kommun,1762,Munkfors,2253,2992,75.3
KF,kommun,1763,Forshaga,7596,8864,85.69
KF,kommun,1764,Grums,5786,7197,80.39
KF,kommun,1765,Årjäng,5901,7911,74.59
KF,kommun,1766,Sunne,8911,10773,82.72
KF,kommun,1780,Karlstad,68563,80400,85.28
KF,kommun,1781,Kristinehamn,16126,19367,83.27
KF,kommun,1782,Filipstad,5969,7892,75.63
KF,kommun,1783,Hagfors,7116,9454,75.27
KF,kommun,1784,Arvika,16801,20571,81.67
KF,kommun,1785,Säffle,9746,12054,80.85
KF,kommun,1814,Lekeberg,5735,6514,88.04
KF,kommun,1860,Laxå,3622,4410,82.13
KF,kommun,1861,Hallsberg,10383,12606,82.37
KF,kommun,1862,Degerfors,6270,7544,83.11
KF,kommun,1863,Hällefors,4013,5124,78.32
KF,kommun,1864,Ljusnarsberg,2790,3663,76.17
KF,kommun,1880,Örebro,108778,127169,85.54
KF,kommun,1881,Kumla,14793,17432,84.86
KF,kommun,1882,Askersund,7932,9355,84.79
KF,kommun,1883,Karlskoga,20297,24453,83.0
KF,kommun,1884,Nora,7146,8521,83.86
KF,kommun,1885,Lindesberg,15259,18485,82.55
KF,kommun,1904,Skinnskatteberg,2744,3502,78.36
KF,kommun,1907,Surahammar,6202,7709,80.45
KF,kommun,1960,Kungsör,5570,6706,83.06
KF,kommun,1961,Hallstahammar,10466,13013,80.43
KF,kommun,1962,Norberg,3490,4311,80.96
KF,kommun,1980,Västerås,103215,126854,81.37
KF,kommun,1981,Sala,15215,18070,84.2
KF,kommun,1982,Fagersta,7819,10135,77.15
KF,kommun,1983,Köping,16341,20467,79.84
KF,kommun,1984,Arboga,9330,11243,82.98
KF,kommun,2021,Vansbro,4436,5516,80.42
KF,kommun,2023,Malung-Sälen,6924,8410,82.33
KF,kommun,2026,Gagnef,6871,8072,85.12
KF,kommun,2029,Leksand,11285,13157,85.77
KF,kommun,2031,Rättvik,7780,9250,84.11
KF,kommun,2034,Orsa,4704,5757,81.71
KF,kommun,2039,Älvdalen,4582,5639,81.26
KF,kommun,2061,Smedjebacken,7352,8809,83.46
KF,kommun,2062,Mora,13883,16747,82.9
KF,kommun,2080,Falun,40980,47540,86.2
KF,kommun,2081,Borlänge,33595,40643,82.66
KF,kommun,2082,Säter,7693,8986,85.61
KF,kommun,2083,Hedemora,9763,12185,80.12
KF,kommun,2084,Avesta,14742,17935,82.2
KF,kommun,2085,Ludvika,16741,20952,79.9
KF,kommun,2101,Ockelbo,3997,4726,84.57
KF,kommun,2104,Hofors,5964,7419,80.39
KF,kommun,2121,Ovanåker,7496,9040,82.92
KF,kommun,2132,Nordanstig,5951,7430,80.09
KF,kommun,2161,Ljusdal,12224,15018,81.4
KF,kommun,2180,Gävle,68999,83268,82.86
KF,kommun,2181,Sandviken,24896,30740,80.99
KF,kommun,2182,Söderhamn,16032,19677,81.48
KF,kommun,2183,Bollnäs,17052,20987,81.25
KF,kommun,2184,Hudiksvall,24983,30386,82.22
KF,kommun,2260,Ånge,5881,7359,79.92
KF,kommun,2262,Timrå,11718,14118,83.0
KF,kommun,2280,Härnösand,16207,19480,83.2
KF,kommun,2281,Sundsvall,66719,79856,83.55
KF,kommun,2282,Kramfors,11432,14349,79.67
KF,kommun,2283,Sollefteå,11961,14724,81.23
KF,kommun,2284,Örnsköldsvik,37359,44344,84.25
KF,kommun,2303,Ragunda,3314,4173,79.42
KF,kommun,2305,Bräcke,3855,4958,77.75
KF,kommun,2309,Krokom,10274,12109,84.85
KF,kommun,2313,Strömsund,7235,8953,80.81
KF,kommun,2321,Åre,8420,9969,84.46
KF,kommun,2326,Berg,4640,5708,81.29
KF,kommun,2361,Härjedalen,6714,8388,80.04
KF,kommun,2380,Östersund,43680,52071,83.89
KF,kommun,2401,Nordmaling,4549,5628,80.83
KF,kommun,2403,Bjurholm,1489,1871,79.58
KF,kommun,2404,Vindeln,3477,4297,80.92
KF,kommun,2409,Robertsfors,4371,5361,81.53
KF,kommun,2417,Norsjö,2408,3052,78.9
KF,kommun,2418,Malå,1779,2313,76.91
KF,kommun,2421,Storuman,3527,4573,77.13
KF,kommun,2422,Sorsele,1527,1935,78.91
KF,kommun,2425,Dorotea,1455,1844,78.9
KF,kommun,2460,Vännäs,5779,7034,82.16
KF,kommun,2462,Vilhelmina,4123,5055,81.56
KF,kommun,2463,Åsele,1710,2177,78.55
KF,kommun,2480,Umeå,91089,107448,84.77
KF,kommun,2481,Lycksele,7708,9614,80.17
KF,kommun,2482,Skellefteå,49851,59716,83.48
KF,kommun,2505,Arvidsjaur,3968,4963,79.95
KF,kommun,2506,Arjeplog,1726,2144,80.5
KF,kommun,2510,Jokkmokk,2986,3871,77.14
KF,kommun,2513,Överkalix,2021,2668,75.75
KF,kommun,2514,Kalix,10173,12688,80.18
KF,kommun,2518,Övertorneå,2429,3365,72.18
KF,kommun,2521,Pajala,3599,4660,77.23
KF,kommun,2523,Gällivare,10869,13885,78.28
KF,kommun,2560,Älvsbyn,5046,6272,80.45
KF,kommun,2580,Luleå,54573,65232,83.66
KF,kommun,2581,Piteå,29362,34123,86.05
KF,kommun,2582,Boden,18624,22777,81.77
KF,kommun,2583,Haparanda,4620,7367,62.71
KF,kommun,2584,Kiruna,13805,17963,76.85
